Player_Tag,Total_Trophies
#LJR2CG2VU,92790
#2YQPUPGP0P,10960
#2L0VJCC99C,24333
#RYLL0GCJG,21056
#PU20QJJGJ,67745
#22U2J9PY,5393
#GCG29L8CG,26915
#22890QP9UU,51564
#2R0QG802QQ,19032
#PPCJJ0LYL,66742
#2J9LQYL0YJ,6826
#PQC989UUJ,42992
#2RG2V8GYUV,15579
#2JGP9RJY9,38523
#9RGY2VQGY,11808
#LYVCG8PUU,9619
#2J9UQGUG9C,9559
#Q2C8JYGV0,20532
#GGJCLGJ9Y,28895
#L929V0289,45597
#RYPPL0QLY,34563
#Y2VPU00L,39345
#VUGVQ0YG2,25636
#P0GUYUC8V,96534
#CP8YUPVV,58501
#9098LRL8Y,7135
#YC2YCGULR,49517
#2JUUCQUJU,43831
#2L8YULJ9QP,48694
#228202GR80,2848
#Y9PRYV8RC,18836
#GLRJUC22,39329
#2PCGY8GLU,27755
#9R8VQPC9,79275
#2Q2GGLGPLV,12692
#V9GCYYY92,26288
#JGQCC08GC,42119
#9Y8UL0YLP,34652
#2QLYVQU920,21522
#Q22JYYLY,38375
#2QUJGRCR9U,9730
#2JLPR92P9Q,5607
#GRGPGUJU,40110
#GL2CYPLGP,10025
#YC0CRJ2LV,18316
#2R92VCRQLU,21918
#20RLJY0YG,17660
#GR9G20QLJ,12331
#20CPGC2U0Y,26075
#2C8PPLUULJ,2028
#2L22C9YGV9,40203
#LUU2Y80LU,44573
#8UQJ0Y29Q,61753
#288VVGQ22Q,63908
#2QRC99YRRQ,6112
#2JP2V8Y0U9,3234
#PJ029PP02,47262
#Y8Q29V8L0,38600
#R98URRQ,48546
#88JCUJR20,30959
#80RGY8RJ,59373
#RPJCVPP92,6090
#2JRGJPUCRP,6728
#2L80U9CQ2Y,29200
#PQ0L0G0R9,12473
#PCJJ8VUUG,20507
#2JQL0RJG8P,4297
#LU0CUL0Q0,48974
#PCLR2V8Y9,57855
#V9VQQJPR,93196
#2QLJQJ2V8V,9311
#Q9PRRRQ8,47590
#2J09YP9UYJ,32404
#PQJRUCGG2,2811
#2L0RJ9GG0G,14373
#GRYLYC8PG,26851
#2LGG0QCUGU,66036
#2RUL2R2RRL,9108
#2JPULGG80R,6878
#8C2QRGLG,64573
#2Y0PLPCV,24610
#RYJ2JJGPP,33928
#2QUL980200,3416
#LCCRQ8C9,37749
#UJQQULVR,48348
#2C802VCPQ8,3597
#GP29RPL8Q,50209
#YVLRVV2Y9,3222
#PPC9JRGRY,20210
#8JYUQCV0U,20932
#2UPYC2VLY,9898
#8Y29JCQVG,13855
#2J0RJR0GLP,18126
#8QPYCLCVL,68652
#2RCLY2JQ2J,7897
#LYVVRGRV8,44786
#GJP9VR8U0,21455
#2LUU2Q99R,60334
#2C8L890,84848
#2JVQPVQ2VG,3223
#P0V2ULLC,49213
#9CLGCRLY2,42249
#2RCGVPPV2U,39252
#988LC0UGV,18138
#9YGCVVGC9,45003
#GLQ9LGVCP,38701
#YVP0Y9QUU,24650
#C0PCY9G8,42313
#9VJ92PC82,27870
#2JR8V0P8R,38718
#28999RV0YJ,26205
#RY8CGLGRU,15438
#Y8CRJ9890,35940
#2C892L8UQR,1572
#8C2JCGCVQ,23484
#2UG8GQQGP,28957
#PV9UVR8GG,35195
#2J0ULRJLQC,22164
#LCPG9PVJY,18982
#8298909CL,47536
#2JGJCPJQ8R,17221
#8JU0VG2VJ,6912
#GPVC9CGP,57506
#2LVRVCQCVL,2040
#2C9000QUY8,2307
#2Q0YRLLVPU,24063
#9U900QLUU,19913
#8YUCC8Y08,33581
#2GCQG8JRU,46455
#PLPR28CYQ,64402
#8UV0CQ8RP,20041
#8RQPQR2JR,31903
#2LC0YJ9GYL,19929
#Q920QQL9R,38504
#Y8C9P82PY,25775
#2JJ8VR0GR8,6501
#YYCVLYQ0V,39516
#2GRGLV9Q0P,5720
#R82JJCC2U,27585
#2GURGC9JY8,21119
#ULGPG82Q,17318
#2C8JJ0J0J,3494
#2RV99YVPQR,1969
#2Q8998UCR9,10866
#8LG80QJCU,26127
#9UUY8LJRC,77796
#9LQVULQGR,27307
#22QGY88PJ2,27710
#QPV022R9P,18634
#9UV8VUVUQ,106977
#2YURCVG0JG,39696
#RC0YPUPP0,26711
#98LV09LQY,56053
#20CVQG0UG,51838
#YVLLP8098,32248
#G9JU9CPC,20550
#2C8GVC8C90,4553
#JC2Q88GRL,23890
#YGLCU8PVP,2781
#PC8QJU9L2,36091
#GQQ0988UG,56213
#989G0Q2GG,47208
#LJGLUUVGJ,28633
#VL09QGV9,26850
#G0QU0Q8Y9,21334
#GG8QCGLG9,24894
#Q82VPYCP,90845
#2LPLCLL9Q,49442
#2LLQQJQGLG,22452
#2GLGYCRQG,66917
#LJLVJVP8J,20519
#2YCUJPCQV,28334
#YYPVG9RU2,25000
#2JYCR8LRJ8,12845
#Y0J8GY20,39902
#9PGJRYU08,27590
#CL8RGR9Q9,21472
#88VJPJUQP,74079
#2Y92V20LU,7515
#2J9LU8U20G,8790
#22P22VCP98,25263
#VRJL8890,32070
#2GVJPQCP9C,22225
#2C98GULY89,1752
#80LRCGG2J,74147
#JL9R0C9PG,2241
#Q908VJQQY,40290
#P0VPLU90U,23110
#P98LQJRYR,28627
#G9GC008GP,31151
#G9RV0LL0P,10681
#2QJJ9CCVQV,18400
#8JR9GUP09,5607
#PQLYL280V,72632
#2YR0LGRPC,33124
#2G0JPGRP0V,4104
#GJ2PCP20G,27565
#2GGGYR80UV,24650
#2JLR99V9L2,1917
#YG9UC8GJV,33410
#2LGULRQQQ,33354
#2QRPU28RCL,5285
#9V28QGPYY,9983
#8P0LPC9YU,35357
#RR2CQ80VC,9869
#20G200G2Q,35912
#LPL82V0QP,24051
#GU9CCCR8C,36400
#82C9UPYUQ,46385
#JYRRRVRJV,36869
#8UQ9QCVQ2,50996
#Q9GQRPLQU,34782
#JPPP2802V,3024
#2Q8CVJ92G,22287
#GY80808GY,31431
#QYQLJ9CYG,60427
#QLRJYR2L,35110
#2C2QPCU00G,2248
#YGCYRP0RY,34345
#QQPUGGUR,25226
#22PRQCVQP,14047
#2282Y8RRQ,85104
#9V2PY88GV,61472
#YVCC90298,2878
#2YYP02R2PV,4409
#28QJ0L9GQG,31157
#2LUL9QPGGU,24511
#Y2P8RLJL,30081
#LJRYR892J,78350
#220RQLPYCR,15628
#2R2L0P0L9R,18586
#RYCPQCJYV,50736
#RR2UJGYJL,13471
#2LQQVY8CY8,25486
#2LG28L8P92,12039
#89J9GP2PC,25492
#2CYPG0C0CQ,9482
#2QCC0QQVQ0,30349
#L0P9UQGGR,40280
#PLUQQ9RR0,71878
#2QCYJ0CU,35071
#JQCRJPYC2,30709
#2QJJ9G0RJJ,15795
#8G0L88VPV,53920
#9R9LLPRG0,40756
#2LU9RU8VL8,31413
#PP9VULQGG,56865
#2YJYGPVLQ,87065
#2QRPG0YQU2,11645
#GJG9GQ9J,48803
#Q8Y8JG9QP,10930
#LGVLGVQL9,62359
#2QJLVUQJUU,11863
#RLYP98VVG,29442
#2Y09G88QC,74207
#2C8YUVY8QP,1998
#JQJ2RYCCV,24761
#YJPY2RV9V,42285
#R9RGYPR99,43499
#208JP8QV2,24776
#8GUPRL0UY,10627
#90QPQJP8G,44586
#GYC99QG9,39026
#JGLCRRJY8,24549
#LLUJPPYYG,34411
#2G08PGQ2,58480
#289GJJRJQ,30775
#8PLUQ9PQJ,38695
#28G82VY2Y,13227
#9P2L8VY9U,16615
#8YG20UYPG,16394
#UCQPVRCC,43807
#2LC29VQUCR,44132
#JYCC8R82,78311
#2QRJRV82P2,48991
#YPJPJ8CJJ,79290
#2J2GY8UQ0R,16817
#YG89R8Y0U,2514
#2QG8JYJ0YY,16808
#Q9J0QYV0U,80450
#2J9LU8U8PU,10502
#28VCL9L02,86650
#88YYPJCJL,84255
#YQY9UG2GR,11812
#2R80CRJQLC,17590
#2QJYR8UCVR,8091
#8LV9JJGPJ,23563
#2LCR0J082V,1855
#YLGURPVP2,43951
#98Y92J9U0,61174
#V8LP802C,52379
#2RRCYJRYGR,1763
#8RQG0VRRQ,4405
#9QP0U9CPJ,21647
#P8GJ0V00Y,27577
#JVQJ8VUV,51647
#922C2JGPC,54748
#J9RQ8R9L9,4486
#2QJYYVJVGV,15498
#820YPV802,55665
#2PC0GCCGP,49246
#280PV2YR9Y,20659
#L29YV2UVY,49610
#2CLCY00QRV,2092
#CQV00L0,23016
#L8VVUGJR,28968
#29J29CQUU,3652
#9J8LJUCC9,32536
#2JCVRPCU2U,1950
#JUCLPPR0C,38372
#28GYV99CUP,51146
#YQJ2QCL9V,13884
#C8CJVGLQ8,13188
#G8PJQU0P9,33038
#P29C8QY9Y,52947
#2YPCQG9RJU,16712
#GGPGCYURU,13739
#9PJL2GULL,22715
#2Q8QRCGQC9,47733
#YG8VYLPJ2,9314
#22PR80LGC9,57604
#LU22L2LPC,99674
#GVQ980JLY,13854
#90VLJQ8LY,42457
#9VVGYJ9J2,8383
#9JV880Y2L,53868
#JVUQCP9RC,31184
#20JULV92Q,35665
#RQ8Y98V22,27276
#RPUVVR09,17170
#20Y0UYL0GP,27789
#VYUGU82C,43931
#R88JRP0QJ,24607
#PJRVUGR2P,52724
#L29VGQJ9G,41773
#2CYLPVYLRG,3460
#VVR2UPPUV,11414
#2JG08URQV0,10809
#J0CVCGRJ,32121
#LLR909QCY,31555
#GRJJYVQPL,14178
#2YVVCYRV2,19345
#YCJ8JL8R,25788
#2C8Q98C0CJ,3209
#9LLQVGUUU,15473
#PYGJGUUJ2,63683
#2RUL0CY8VU,7107
#82YGYQY2J,46926
#8YL0JUGUQ,16072
#28RLCVVYQY,41272
#2C8C0CVU0G,584
#2QLQR9V8YC,2078
#9LLQJP288,39827
#2L208RVUVC,10214
#Q92LGL2QU,49636
#2J0V8VVGVJ,11960
#2G29URRRQP,19240
#28GPYUY2CY,7710
#QCG02GPVP,20475
#L9RCQQV9J,34530
#PJU2QCY09,59738
#2QG8289C08,25692
#2RYCPLPQUP,19123
#98PVPGURY,44725
#L2CLY08VV,41954
#9LYR9JULY,27675
#YCR9J9PC,37387
#YCY2GYYGQ,18553
#2QQY8L8L98,8944
#8RPPV0P92,49602
#2QJPCYQP0U,4163
#20CYCCRGLG,45183
#2QYJ8GJ9YR,17265
#GG9Y29QQ2,15354
#9J82RY998,26735
#VUJ8RRPU,25310
#2RUJ9PR090,11969
#22UYLQ298J,24894
#2L8RL9CYJC,15163
#LC0UVRUC8,51222
#Y8PPJ8GLG,41488
#P2QYVQ80V,43402
#PLVJ0JLYQ,34143
#2PGJYYVQG,56850
#2GV0JPCQPR,16857
#C0L0YP90C,13731
#28UYLCR0LG,20295
#G90QPR89Q,35913
#YRJJPVCLP,43120
#8GPCRP298,93517
#P9YJ80YC0,25152
#J09G8RJ0,70313
#L920J90R9,82379
#988LUYR0Q,46541
#2PPCCRLUU,39564
#JJ8L2UPJG,37334
#LV8YRR0CP,49186
#2RPCLCR22J,31295
#GRVJJC2Y8,38971
#GGQVUJ29V,8408
#2YVV0LVGQV,6037
#YJPCPPVL9,52292
#RQRLQYV2U,65836
#2V9LLVCLC,40286
#2R88U8YU8V,13176
#QCQJ0CP82,47379
#2JY2PRCVQU,8322
#88GGCUJ82,62079
#YPV2UV8LL,18407
#2GRLQ0PP,59790
#2QJLVJQ2VV,9272
#2QLQCJ2G9V,13799
#2VVPQPUYU,54258
#2QJ2L2RJLC,20883
#2V89LQQV9,14288
#Q9RGCPRP,39303
#8RGY0UVCV,27523
#2RVJPQVLJ,11130
#GJG0UJ8RU,44468
#QG0V2UCJQ,38221
#2UGRVR8YJ,43140
#RYP0Q2JVR,25643
#29QP0CRGC,36458
#JP9L9U2G8,21040
#2Q00JJJPQ0,25268
#2GGLP8VJ,4814
#L2UGP00YG,52135
#82LQ90J0U,30312
#YGUYV202U,55170
#2QQL9UP8YV,19361
#22LV2PG2,9727
#2R200QYC8C,10602
#28PR8CQVU,52125
#8GYYUYCCG,88886
#LPCUR2QG,55141
#P8LCC8J8C,32132
#8Q9VVGUU2,54061
#RGL9U9V2J,38806
#9RJGC0PPV,54723
#290J999RVY,29422
#RLUC80VL2,17514
#2YUVG2P9JJ,19293
#PGRYPLGV9,52561
#28YRL80CRC,24611
#2QRRPGGYUP,21951
#GJYCGVRGU,37996
#28GV8LJC8Y,3988
#909L2CYPL,45115
#QQ28GG8VC,21366
#PUPY8YY9L,34941
#2C8RYUU02L,1850
#2RCGPVVLYU,14041
#2980PU2Q9,25309
#9RPLGQ9G2,92792
#2GRY8R99JV,21099
#2L80LQR8YU,27303
#2RVVU9PJ2J,9310
#9YY2UUV2G,48268
#GQRU9R8CV,35776
#LP2C82G9P,90168
#R9YUUC2QR,9119
#2CPJRGPGQ,44466
#LPLVL99LY,63762
#20VP289GU,17396
#PG28UG9PU,27999
#2C898CR0QU,2615
#289GJ89C2P,8831
#2GL08VVVPG,9351
#2QVQ0CCRLJ,36407
#2Y980V902Q,41052
#PP0YQ9P2Q,21449
#9R88VLRPY,61080
#L2R8JU2RL,11637
#2LYLU0RLRQ,19514
#2J8QP90L2Y,14067
#G0UPQVCQ2,23537
#2YQ0VQ8GY,97360
#GC8JLLGRP,38989
#GRCPJ8PC,40861
#LJGYQJ2YU,38857
#9L2VYRPRU,19506
#2U2LCYRR,94147
#RPGLYQ9L,58118
#GJLL0QYGU,23649
#RGP898PCR,28145
#J2CV0PQ9G,24424
#CCQ0QJYL9,37551
#U02VVRJGC,842
#LJQLY2Y98,30814
#LLQG8PGG,49904
#G9JUVULJ9,20639
#GVGULJQ2V,10066
#YQRR29YR,30979
#888RRYYCV,74072
#2QQ2CL9YLP,13238
#2JP2QVUP9R,4709
#LLCCLCVGG,6621
#G2QVC9GG8,50611
#2PQJ0U0,87401
#2U29YCR0L,40375
#2QRR2Q99R9,28399
#G9UL2908R,12946
#QUVGQU899,51962
#LG029P2LP,23164
#PLGLLPYUP,53798
#2QU82QGC2U,2858
#R00LG0JC2,35976
#YUC2PG0Q8,27664
#2LLQ8UYYQU,37105
#9YCUV00RU,13948
#LJV2PVJUC,30818
#2V9JYG9VG,24338
#2C08VVPC82,6357
#2RY228YGRJ,8004
#YGGJU2J2,56604
#2LGL8G8R08,19637
#GGJ8UJY0U,8574
#8GVUVLCUU,30683
#9YCV2GUQU,26444
#C2V0URQG,21917
#VJPQCY0UQ,13283
#2J8GJ08LQ,16724
#PYVCLYVVL,53207
#2JP2GL0PQY,10352
#2UUJRP9J0,31229
#LVJCL9UV8,61378
#890QVJ99P,82464
#GUV2GRY8G,31542
#2RR09VL8C,74118
#P0C2RRPYJ,43871
#2LPR0CG0QQ,11000
#2YVJ0YPGVR,26955
#2RPPG0VJY,47158
#88C29GC0P,5349
#CV0C0P8RR,25867
#LCV022Q9R,61419
#YCUYLGRG,30685
#Q9PVY22V,43605
#2YYG9LJRRR,16248
#GPR09CJG,49074
#2Q9PCGGJ00,23481
#2JVJQPVG9Q,1675
#2JPLVQC9R8,17525
#YVPQYJ9U2,24933
#YVRRQCP0U,27418
#9J2UY0R0U,24429
#8GJUUCGPQ,55836
#LPY9L0Y02,21215
#9JCU2JPGL,55914
#289PUG0VU2,46865
#RGL200L0J,24558
#QPYU8YL09,1998
#2GUJR20YVG,13433
#GGU9JYG8L,35316
#2RULQ8C2JC,16894
#2QYQY2QYR8,18846
#L0V2QVRY9,23516
#J8QC00C9C,34803
#28C02CYGV,46025
#2JJQVLC88R,6004
#GJYL282PJ,23048
#8892PG0GC,86643
#GY2PRYQYP,45062
#9CP2R2YJ0,44080
#2JUJR8QVJQ,5074
#2L08L2QP8C,44413
#C2VLLVPY,35321
#PQUGPUQLR,2763
#YYCY82Q9U,16460
#2YP8Y88GG0,47443
#2LLLV2PG99,21371
#2RCJUUVPQP,12523
#2LVCURQU2,28597
#2QUPJPRULC,20447
#8V0QPU0J8,29874
#2QLQVQLJJ8,27304
#QGLVRYP02,1676
#998YLGQ8J,57235
#2QGQ99GCYG,18563
#YL0V98YPR,27678
#2VJ2R88CJ,55220
#P89RVYY90,52272
#2JPR999R0,73686
#22L8Y8G2JQ,46515
#LVCRU9LGV,10494
#QUUUGL20Q,10397
#Y20JCRRUV,28841
#2P992QCG,41381
#YQGCJR8L2,9798
#JL80J88Q,37667
#99JV0R8UL,8130
#PV28QUQ88,31295
#2LYJGRGGCU,18417
#8CUYLG2L2,37883
#20RP9Q8JV,19515
#2CCVRQ20Q,38390
#R92P9Q80Y,5118
#2U82GQ2LG,50454
#P8CCYY8Y8,45420
#LUUJ20RL9,29239
#288GLL9RJ,11913
#2G2Y0L8CG,28920
#2QLY2YY2YL,9590
#Y00PU9LY,27907
#PYP0RVJ0G,51150
#9CVRC8U89,61229
#2RU2V9Q2GY,4783
#9VVQUPVCJ,90957
#2QJ2L28QUP,41136
#2LCR2PQG2P,21860
#2RU2VCPY0L,7572
#2QG909QYPG,19790
#GQY0U0GG8,30212
#GJ0P8YCQQ,9369
#908P2GG92,32610
#RQPQC0QLR,63394
#8LUQY0RVG,55548
#2RP00VU9YU,16647
#PYCQLPRGV,20394
#2QU8PPPCY,38242
#20JQLY9C,60714
#2JYYPLCC8U,7907
#YCCYL2JVY,44967
#U8YLGVURV,39140
#2QJCPJQVPR,41740
#Q92QLP9CJ,35940
#RY8CG8UYP,51769
#PP0V2P892,78747
#92RJ29VLJ,23589
#2L9RCPCQQ,28275
#2JC0UVP0LY,9668
#2RRQQJPP92,12153
#GRJQG9U0V,16573
#GPGYUQUVU,29649
#G990LP80L,6493
#YJY02RU2L,18087
#L9LYVV998,41266
#28GJG9V2PY,13916
#2YCQ9CQY9,27315
#2LL8P080CJ,34239
#YVC8YCQRQ,71601
#UL9R92Q9,52847
#QRP0QL22R,25308
#Y22C9ULPC,52238
#2QLR2Q8020,17921
#8220RLQ0R,25949
#2JQG08VCCR,10676
#PG8VQUYYL,56754
#2JGP0P22LL,6780
#PVRVYU8G0,50597
#RRPCPCCLU,41410
#L8JPR8YP8,5713
#2LQJG228VJ,21460
#82GL2VCQC,31610
#YQ892RJP9,45855
#228Y98R800,17414
#2C8GVRGPYC,1978
#2PVJGJRY9L,25844
#2RJ2VLRUGP,8954
#LY0YQUYYQ,31588
#PG0UQ9JYJ,10393
#RRYQUCGQP,14221
#Y2YR0RG0,45379
#2QLRUR9PJG,8578
#L2PQQQ29P,68401
#GLPRRQQP9,60072
#Q80UYJ2J,18984
#LRRRGG8CJ,12693
#8P08GPV02,22117
#GQ8UP2VUG,48965
#Q9Q9QGLC,87241
#YJUVJVL8L,43855
#Y9RJ2GL8P,11789
#2YVGG2VJJ2,37277
#2JGY090PRR,4036
#QLUG8JGCL,6187
#28JQLY2CV,35566
#YUCYCUVV9,36592
#GJGPURYRP,8103
#YVV0YVGRU,29531
#JCYQ9UPL8,39435
#GJP9P8J2V,26747
#QU9J92LL,38107
#2GYR29V8Q0,10449
#2LRG89C0V,46001
#P929LY28,43608
#88PPV9UQJ,38407
#LVVC2RRPQ,42888
#GGCPPYY8Y,19399
#2QYG8CRURQ,10157
#GUC2U09LQ,11078
#8GRLYRCQQ,23501
#RP0JG9J0R,66950
#2YGJQGQYC,34349
#22P2QV8RRY,15374
#82JJGCQJP,85822
#Y9R8GRC92,15338
#29RYRR9J2,45094
#900Q0092,72797
#2JYU9JCRGL,8824
#CV0J80CYQ,788
#Q2LJL8PQG,10626
#8RQQQQJR9,33497
#Q90VJUJP2,14814
#RR9PG2V82,7242
#LG2PULU29,57618
#2JPLUYUCU0,768
#2Y22P8CCQ2,55514
#RLYL9PRCQ,22617
#Y899290QR,33594
#PJ8YPRUPP,56661
#2JCV88RR29,7553
#PUQPLVJLU,58252
#82QJRPGGL,51379
#8Q0VLJ80R,37313
#R9YLYCJ90,28171
#29QR0Q22U,43954
#GJGV0U8R8,33461
#YCJCV808G,16344
#2U9PYJU2C,42999
#LL20VGVYY,39953
#2QRVC0J99J,26776
#L2R2GPCC9,25383
#2RCJL8QUGL,14770
#Q0U9R988L,70846
#YGYGC89Q2,30753
#2VPVGC9R8,46738
#YP92UYQ2,42623
#9LP20QV8U,6896
#9RCQGLUUV,45716
#RV00RUU9P,29569
#Y92UVUPLY,61123
#8LJ8VJY0P,52695
#2R9LU8RCJP,8946
#2RCP9V2JV0,21027
#2GGG2YVQC,32378
#JG8LCQ802,48186
#R2U9R2VUJ,5902
#VJ9LR80G,38971
#202QVGL88G,4378
#2R0CVPGCGR,7693
#2RJRR822LY,5764
#2LQP88809L,21423
#2GG9PUJY00,31355
#2RY29Y9RY2,19294
#2YPUP889V9,12094
#2QC0VC0PGY,26022
#2YC0GCYRU,32488
#2GJ29JPL2V,14883
#2CYCCQLRRL,3527
#2QRLYUG8U8,21147
#280RQV8C22,65452
#UGJQ8UY2,14881
#2QL80890Y0,26800
#GL0908299,15774
#2QJVGPV8U2,24514
#9JJ9QLYQ9,17790
#9UY0VYC08,41051
#JL80U08P,47467
#RGCJYP0L9,19818
#2RCVR2QYRR,17120
#9JUC9VGVQ,23732
#2C0ULQC9G,22497
#2RJPL9VG,77287
#9L2Y0VV2J,47728
#2RVJQQR00J,10845
#2QJ90Y2JCL,25499
#2RLPYPP809,20990
#L0PVC8800,33393
#GQGPR9JV9,22474
#2JYYPCJCGL,11371
#22VJQCQJJU,30489
#2QG9LJJLU8,6907
#8LV9YP008,18952
#2RCQU8PJCC,17341
#9PV0GV9U0,29559
#2QURJQUV0L,30250
#2JPLRVGRPR,19627
#RQQGGLQC2,23355
#8Q9VVLLVQ,48310
#JYV2LJGV9,21878
#2U0YJG8VV,38456
#9YUC9V98J,10517
#99LCGRVJ2,13014
#2JQP8V2G88,25773
#8GG0JLQ,58333
#LPQUGYPUQ,18667
#2JQV22282R,6030
#892VPRQ,22421
#2C00Q8QYR,40619
#GVQ2909QP,13264
#2LJ92YGYJC,6780
#9VGLCLU8V,61787
#289U8YQ8,81674
#8C9CPQVL,92772
#RPLLV89VU,18929
#LJYYPJR8Y,54095
#82QC8C8JY,86503
#20QC888YU8,26322
#8GJRVU9Y,33821
#8PU2UCPQQ,81611
#8VY22J8C2,72478
#Q9RG2PG9J,24815
#JPG2JL8V,88694
#89V099V0L,42580
#2R9CPL2LJV,7836
#2QVGYGGQRU,16527
#PJQRL99C2,38079
#9LGRRP89R,84487
#JUYQJCVPL,61735
#92UPG0Q9C,8826
#P08C28L0,69956
#CUQ0VQUJ,43827
#LVC2GCP,42085
#8UC0YYQ0Y,30630
#2QQPRU09CL,28182
#QQ8LRV8Q8,28111
#L0LPP0UJ,79005
#G8YQ9YVC,48438
#PGP2GCL9L,181
#2C8LPPLGQP,695
#2C2R0VV08Q,1706
#YVYPQQVQQ,22166
#LPGRCCGQJ,23246
#2LJU8L0CGG,28810
#Y8QGLQ292,58327
#2J2GGLYC9V,11613
#UY28L0GY,81437
#2JYGG9UGC9,7776
#2LVVPG02R8,13938
#2RCG0R0LLP,5734
#QL0JLR2VG,31548
#2C2YP2LU9U,5565
#2G8P2VRCGG,17097
#2QPGRY0QR0,13729
#2LUC2G0Y2U,6583
#2P0Q9VLVV,81888
#RP0282GPL,39842
#28GRQ98L,38258
#2JRC9PVC90,1715
#2LCRRJ9J0L,22744
#PY2Y0QP0,37548
#8URL890YJ,98185
#LGCGCLG8U,57628
#2QRR09GVLV,20574
#P9L8PPCVU,35774
#2YGRPCR2,29095
#2JYLRLRJCR,7975
#2V2YYU9U2,19622
#2LRU2VRRRR,5691
#2QGPP0R8C9,15765
#CQJYJGGG,55383
#2U8GVR0G,22255
#2RG92PV2J,35519
#PRPPQLU89,20008
#28CU22V0G,56822
#PQPPQVJ0,30829
#8GC9JPLCR,25911
#2Y82UJ2299,11690
#2GL2CU2U,75485
#90JCG0L9,50840
#2LVGV2G9C,46420
#PYU82UYPP,29528
#LCRCYYLG,32245
#GGPYY8V0Y,22385
#QQ8CQL82J,56966
#2Q9RPUV2L,44217
#2RUGQ9RU82,12444
#29G8LJLCL,34746
#2GU8GG0LRQ,6940
#2RC29RLLPP,11506
#9U9980L9,68676
#2G8YUVG08,28078
#2JYQ8VRPU,25359
#2922CVRR9,60853
#2JC8892PL9,16011
#2QLL29PCPL,15038
#2QQ0V28QLL,5727
#2Y8YL9LQUP,10767
#2G2UY28PJV,10641
#LYY0LYYRG,36973
#2QU2LL8L99,21510
#28CQ9CVJRP,39103
#9UVRY8RR,31292
#VYJ9YYGLG,3843
#200JL989C,53999
#GGR92VL99,18235
#RURUJGY82,42290
#2LGG2CYY2,26291
#LPYYUJ98V,527
#2JL0Q0JQJ,76875
#LVGJRG2UU,41576
#2L0RPC8G9,23502
#RLVUY98PU,25002
#89URLYL2C,77519
#Q8JV2YQ98,21472
#9R2RJ08Y2,12299
#GCJ0CL00L,19508
#G9J9RQQGU,47668
#RP99LU88G,31329
#2GJ82CLGJL,9603
#YUUC9L290,78097
#GQUVRPL9R,15846
#80GJPG0Y0,57727
#2Y8YCJYJL9,23155
#9YVQLU2LG,28301
#8JYQYVY8R,57703
#9J2U002RP,37347
#2VUGUYCVQ,17586
#2GQQ8PGLRL,15635
#8YGY8PRPU,27313
#28P2LP2VCV,22440
#PQ0U2PV8V,38076
#RPQ0U8YYL,29434
#CR802JY,28298
#2Q8Q9LLR0U,33464
#LLL0J82UC,34578
#Q0CQ2UQ8Q,21593
#V2VVCL2,42754
#R2GRG0G0Q,24172
#2V2GJV90L,95017
#2YQJ0QQVC8,14400
#9RYJC988P,32829
#G989JJC9R,22249
#2QL2JYRPPR,8774
#2LCUY9CLJ2,32575
#QJ9RVGLG,94499
#9VV2V9GLV,34201
#QUUVVY0Q,40460
#2LG98YCRQP,14890
#GR02RGQ0L,36926
#QUQY0UVYV,14669
#2JU2CUV8C9,4534
#2Q99QPPVJG,31648
#2Y2RJ880,18488
#99C9RQ9Y9,37617
#JVG00J2C,85080
#2C0GRG99PV,1721
#9RVJRR2,38379
#Q8Q0QQ9JG,15933
#GRRQ9G0Y9,19181
#2C29CJ0808,6480
#QLV9QV2U0,13500
#PUJRL08VV,90560
#8GURR0RC,28581
#2JLVJR8RL,19974
#29GJQ8282,63319
#YP0P8L8JY,58485
#9UU09C002,21457
#GJGVVYRLU,37750
#8C0U9LQ92,42735
#2LLC2V9UL2,23470
#2GU2V29JJR,5964
#2R9090QR09,10146
#G0JR8JUG,28017
#LPPV9YLPV,54086
#QLLR2UV0L,40133
#VQ9YCLQL,6717
#2PL98G8GC,31523
#9RQPC8VPG,67481
#80RYJUYL8,69048
#2RLCCGQ8C0,40911
#GVVRYLL90,20538
#JQCPQ92L,61911
#YQGV80R8Y,59705
#2RJYGUPRLY,8367
#882L8VQUP,47626
#2LPPYCCCCL,23578
#GCC90V9JU,53715
#GGY0Q9LP,24792
#89UYQ0PCG,6219
#GRU998G9G,11285
#L9YCG2VR,3137
#Q9029UY0C,18385
#2RGUQUGYJ0,5496
#PY9CQC8YU,7955
#20JV2GPRC8,36374
#2V9YVCVVP,44110
#RL2808PJ9,33735
#29JC9J080,28422
#2RQVYY9GQ2,14315
#2Q299VCRC2,15620
#2R009UJUYG,8863
#20UVG9Y98,24404
#99Y00U0CJ,30710
#9GQCGJUVU,64534
#2CL8CYQ0J8,4864
#RU9VRG9LV,31058
#VU220P2Y0,20664
#8JCULVYYC,34953
#QJY9U8YJ,37064
#QG9CVJL2Q,50752
#GRLYGQG08,44417
#RRP9R9G29,37487
#2YVJQ2JUC,22498
#82YYLY2P9,33533
#2GQGCRVQCV,16564
#2C80JGQ9RP,4524
#2G8899U8J0,14487
#2UJJ0URPG,57243
#9QYY9PQRP,30823
#RCVJRYYRU,19284
#28PQV82V2Q,14808
#LGJRJQ2YQ,26175
#8020GPGY9,18807
#GGU92GR8,57387
#LPVUUR2L0,25734
#9GRQ9QGLG,55696
#2QYRL9V9P0,18699
#L0JUUUUJ,55223
#RQ822LL9V,7155
#2GRPGGUUY2,25628
#9J8909L8P,43626
#2LLQUQJP2R,697
#92GGULJ8,96736
#28CLVCRR2,48130
#GYLQQVYPU,14594
#2QL22J8UUR,30609
#GYRJQ90G,30255
#YJ8GRVLP,92266
#P8CGPG0Y0,27170
#2PVVVL2QRL,31665
#YYP2088V8,69314
#VR9JLL2C,55571
#2UJUL2CR0,92166
#RG92GP00P,43108
#28PV882VYR,25063
#JRQ8RG8P8,12102
#2Q22PC9R2Y,36876
#2LUUPY02GL,33245
#8YPGYG99U,3433
#YLJ2UPQV9,28665
#9PQR8VV29,45146
#2LGRVL0LGJ,22689
#9C2CJ8GC,42659
#2GL8RLY0UC,25669
#8JC8RP2YU,61872
#R8CUV09V8,32864
#89822LL9Y,37050
#28V9LPYJ2Y,34261
#GURVG9PUQ,47108
#29QPRY088,59432
#28JQPJYPRY,16072
#222GYPUJUJ,11766
#YRR29CPPU,899
#JJU02U9J,26229
#Y8GVPQGPJ,3438
#22UG0L8UP,35916
#GV0QGVL09,19873
#2CLR99VGGV,5477
#2GG20J9QUU,19770
#RC0C9GJYR,53861
#2R82UGRLVJ,6318
#VLV8U2L0P,32571
#2J2JUQJ8LJ,14630
#QC2QUL8C0,1411
#2QQ09LLYGG,27043
#2CP2892JR,57593
#2J8J09C2VP,14345
#P8QYYQUGY,52790
#LQ8VRG80,18031
#28QUQRCJYL,22320
#YCVJJ0JU,16454
#Y0GPYC2,21089
#2QRJU8G882,36437
#2U9C8PL8G,13458
#GGYC8CJR8,29590
#2JJ8GJVC,36488
#2GJPJ2YVVG,5570
#RY2LGRR8R,30382
#YUVUCUYJ,49233
#GJ00QLYGR,6277
#R99QVYG9L,24567
#92CCP0UVV,33515
#2299YQ9UJU,26917
#2LLGUPG0JL,22144
#2VCV2JP88,28365
#Y8RYGQV8,79981
#PGYC02,59957
#2C8GY99JV0,3572
#8GQVY2R0J,31289
#R828UPL2,21719
#89G2QUJ0P,37080
#G8VV9YVUC,30219
#2G8YL0QULL,7042
#2GUG82YL0Y,3376
#GCCQP90U,21984
#80R9V0PYP,73786
#YCYU2LYJ9,24169
#YLULC9R2P,13478
#2G90Y2LCG,41383
#GPP29PJ,9329
#20GQJ9089,63789
#YRLQRRPU,3902
#8RPQGLRVC,16884
#9CLCRP2PR,52701
#LUYYL0YP2,41998
#2YCP0QQV9P,41131
#LR8PQRC98,44448
#28LJUPCY8Y,56560
#9GC22JGR,62112
#282YLJ20UU,32370
#8CR20P0JP,6237
#8RPCCJ028,54121
#2P89Q90YG,86840
#GUPGUUQLY,33270
#LJ0L2LUPQ,17221
#80CUUUC02,37459
#UGRG00CG,26433
#GC20YJ8L,34356
#PUP8URQUY,35669
#2LV90P8CUP,18648
#2QUG90GJ29,27621
#UYJG9JCPR,36671
#YUU88VR9,13486
#RLYRCQLCQ,49705
#QC2JVQCPJ,46820
#2RCG99GCJR,26131
#VYCV9J0R,43922
#PP9R0J9Y,41763
#PP9U0Y09J,74201
#R2JUJJQLU,56128
#2LJCRY008Q,27238
#Q88VYGCV9,87210
#GGRC0GC0C,21467
#YLL899VGG,43671
#CRGP8C8R,66975
#GCPUR0C0P,27211
#QCQP9L8PL,66510
#JUGG82JJ8,18165
#2QYRGLCY8G,21045
#VGPV2UY9,15953
#280LLYULVY,42338
#R9UVGVJUP,91032
#2L2URYQVC,4281
#2JGLVPP0J,51419
#GLU98280V,52778
#2PGL8L2CJ,22429
#2CYCUU0PGL,5004
#2L2R8UL0GU,17032
#Y9G8VRQ8J,33681
#P8Y8CYYQ,53310
#R08VPYLV2,53843
#2C8G9YJ9U0,5134
#2RG90UJ0Q8,14833
#2Y9GJR8J2V,30350
#2RYURVUV9,42740
#P2G2U8RCJ,63667
#YVLLGP0GY,1913
#2QG0RU88,15143
#2Q09U2RRQG,32329
#82YG2CVR,28635
#8VL0Y29UC,22481
#20V2YLVYQ,49182
#CUVQLQPPG,9364
#2GCR0UPL80,8429
#2QRUP08PRL,15564
#2C0LUQJ0QQ,13384
#2JQU9LC0CY,7644
#9VLC8PQ0L,33980
#8CGQQQ299,73029
#202GQPJY80,39301
#2RG90PG0YU,13230
#P0GJ2UULV,10814
#2G0QQGP8PY,13918
#ULPRRLQ9,65259
#2JURV8YGJ8,1420
#29RC0CGCL,21108
#808Q29YL0,38020
#2G00Y2PQ,83509
#2L08LJ2QU2,9150
#2C8YC2C2G2,3047
#88QY2C290,64849
#GGQ88LLJG,6626
#RQ2RVJGL2,72353
#L0G2YG2QL,35133
#GV9G2C9R2,20454
#8QG9RQYGP,32973
#C0G92QY2,69404
#P2VLYVVGG,32272
#2QR82R00UY,5250
#28L82JJ8Y8,16885
#2C22GCRVPQ,4360
#9CUQC29G,41415
#R0JGJVGQC,2478
#22U9QP82V,7088
#GGRP8PVYG,27859
#L08U0VQQ8,30337
#29URV2P80,40822
#LR9RCRGC8,27636
#2J92GPVJ2Q,2197
#GVV88J09C,23577
#VY908UY,43287
#82VPGRGV2,14787
#2QQY92LRG2,6658
#P2J2L82U0,19139
#2Y8UVCLPR,52291
#2YUYU00LU,74496
#LLRCPJGCL,35314
#29JPRLVUU,7794
#2JPJ2RPU2R,5808
#R0LP0GRQ8,56507
#2RUVVGGJGU,9852
#2J0CL80R2G,8666
#2C2PRRRGRU,8055
#8C0GQQQVU,39052
#2GLG8UGPVY,31644
#GJ80PY9QP,20180
#JL2JQYLGJ,17289
#2GYQLYR222,7154
#CQUQPCC8,35490
#GC9QG0LJL,29974
#2J20C028VL,3576
#2RUPPQ9QC9,8219
#2CLLU29PVC,3133
#9Y28G08GV,36694
#PPU8YJ8J,35367
#Y90UR2UJ2,77413
#28YJQPU8J8,47325
#2Q2CY92RJV,29621
#2RCYPUCG0J,10349
#GQ0G9GCP9,33392
#2J9QVRLGQ8,12690
#28Q9L898UJ,74414
#YRRGPUGLY,29029
#Y28P9PRCL,78460
#L8PJV8022,28755
#8VYC0RVP0,61624
#GJURUP9Y8,20483
#QQG89RLRL,57831
#PC8L09RVV,9394
#PJR9V8JL,61374
#8J2UGV2CJ,60951
#2RRGYVLQVJ,12498
#GQV9CU0L2,19438
#9UG9PC0R,35307
#9UCPP9LVC,89610
#8QR00PYC9,52403
#GQCC2L8P2,63284
#GU9YLGGCC,25568
#Y88JCLUJG,15306
#2C0J209PGQ,844
#QJVQCUYRQ,56051
#98YJ98RRJ,47353
#2QCGQLJQ9,33851
#JYUGQGCP,45426
#2CLYJP8RG2,2195
#9J8PRUCQ8,39633
#28Q0U90LU,70235
#V8PGU2C9,18957
#99LR9LUJ2,22212
#2000LYQRRR,33004
#YG8RY0Q02,33022
#88YQLG2VU,20397
#LY0GGJUUV,64219
#CCJ99RQQQ,7613
#2C8VRR0RR8,884
#GP0R9R0JR,10204
#PPG9YGU9G,19120
#2GP0YCPVQ,38795
#2C2YC0L92V,5516
#2JQ9LYVCR0,10113
#2JU9V098PG,6914
#2G9RQGRP9J,31429
#2G2QRC2UYR,13544
#2GQC08C9RG,34422
#2R0U0RJ90C,30353
#2JU02QYV8R,5961
#PG8PYYLJP,3590
#2JCUYC0GLC,3006
#GVJQYRRPV,18014
#Q0JP8GU0P,33461
#GJR820V0Q,22082
#2QPRCQRPPV,12266
#GULJUPRG,33751
#2UP2J8LJR,49266
#9890PYYCP,43795
#L98UQPU28,13591
#8YJVPYGVP,91948
#LQ88G9GRG,47083
#9G09RCJPV,68705
#YUQRYGRQC,5135
#2JYLQLQC28,3015
#ULG8YCQJ,17796
#UC9Q08VY,35855
#RRVV2PY8,32802
#2VY2L0V2L,53752
#8LV0UJ9JJ,10448
#URJV20JQ,17851
#28YCL9QQ,32203
#2RL02YPYY,50913
#90VRJGL09,45584
#VQQJQCJ2,37797
#YVLUGJCGR,25084
#99RQ2L9R2,80495
#2QVV08LJPV,30683
#P2JYVCR0J,14670
#Q98PL8GCY,18263
#GRQVCGY98,23134
#PG9URYJ00,1511
#8GVLUJC8G,1688
#GVPCQPR2,45262
#YYJRQ82GU,48964
#GJ8PV8CQG,32498
#2C8VYVVRQY,2444
#2Q8Y2UY80Y,20871
#JYYG8P0Y9,2327
#JLLV9YRG,34791
#2J8V0VRY,25488
#G9JL2VGQ,40154
#QRCP029PQ,5137
#GR2LRCULC,52233
#2J8VV8LJL0,8101
#QLQLLQPJP,42424
#8QRQPVP,35862
#9PYL2VLRU,63899
#G22G0YQQY,47917
#8LV8PJ9YQ,61350
#2J9UJ2L2U9,7756
#Q22YV8CPY,96177
#LQU9YULQ2,89773
#LQ2QJCU,28391
#VGPUCGG,29720
#2RRQLJCJQC,1593
#P2CRC9CC8,28220
#8PC08GYJ2,60050
#JJ9UYR2PJ,27922
#L8QPQLCJU,25626
#2RGP2GJGL2,14054
#GCLYPCPGG,16559
#YYRVL2L9Q,41469
#2902889GJV,31591
#CCLUR9CGP,17478
#2GP0YR9QCV,19825
#R0J800CL,24207
#2LPULUY2,46968
#22R9C2U0R,25131
#2LJ9Q9URG0,12624
#GC82JUQRR,20843
#9VC08UL,51893
#2RU8209PGV,30518
#8CQ8UYJ0,48436
#2QQL2V0VQV,21070
#2C8V8QRCU,2788
#RVRVV8VVG,28682
#2CRQ0UGQY,59649
#PVP9LG8Y0,50346
#Y8UL909PV,35842
#2PLCG2VUV,20987
#JQUJYP0CQ,23112
#VRY0Q9JQ,58636
#89LC98PUC,83824
#29PYQ22Y9,23921
#JLGP2PCPY,17721
#G0Y0GQJ2,42322
#2Y82C9U89,84581
#2Q08JGQ2J,46913
#R02LGCRP8,14463
#VJP8092Q,68250
#2RJCPQCV0,47720
#QU9LY0J0V,27106
#LRVPYVCVG,35422
#22Y2R9GYUP,29534
#2QJR9Y022C,13861
#RQR8JC2Y0,14067
#2RJ2C9LVVR,10659
#Y8JG2CUQC,14243
#2RVUPG9Q2Q,3370
#2Q9JL8G8LJ,9859
#2GLY2JVQJV,13202
#GRLVCUPY9,47049
#YUGRPGLJ9,10066
#908RJPG2V,63862
#GCRYQQPQ8,44174
#2LJJUC8JYC,27361
#P0GUC0LYY,16076
#9CC2CLCR2,60939
#2LCUUJ9RU,37388
#2C890UGQQ9,2341
#YVJV0Q9YL,21199
#2GUV8CYPUQ,3104
#92L0G2PVP,37215
#CUJQ2QYU,42106
#22LC0RGY,14643
#28Y20C0QY0,24570
#V89PVGVG,38118
#82Q89RR2,29375
#2GLLCQRU0,22651
#Y8RVP299Q,18447
#2QGGCRUG8U,20825
#2QRY8P9V99,24515
#8U9QCULPY,29920
#LYLV2QPRP,12260
#2QYVQU2GCG,3532
#2GR0G9LV2R,21738
#2Y8VUL99R2,10052
#8GV20GJGJ,38467
#2Y0UCJU0P8,15162
#2YUUPQUVRV,24488
#2GPCGLGRYU,15724
#YUP0922L0,41496
#2LG9QUJUL,66871
#P0JG28Y9J,78569
#JRQGQP2V0,16912
#V8999V2U,57692
#90L20LRQU,57887
#RP2GYGCPU,21802
#2C8V0GCVQY,1861
#2QYC202JJU,39709
#2J2VG2JV2U,2797
#JPCJPYGCR,10541
#J88290RJV,30998
#2JLCRPU2VC,7752
#PUGPCG02P,57676
#2QQV98P9QY,8815
#29CJGPRPPG,35355
#QQGRCJCJ,39729
#QU0R00V9U,17247
#28JLRQUC9C,15203
#VG2P0GLY,26153
#PGYLQJ29P,26622
#9YCUUVJC0,2736
#2899PRUR9C,36120
#2C0CVGQ0G0,832
#YPL2JGLUJ,44800
#QURYP902Q,28589
#G0L8Q9QP,62504
#2RC90J98G0,2721
#290YRG0GLG,42591
#2RURGLJ2R8,23747
#G08VGQR,44435
#22G8YC8R,24824
#292QQL92V,34158
#8VRJ0Y8QY,41956
#88GQJ00PG,30613
#YL98CCY2G,34827
#290002PV9G,27026
#CG00P0UC,32804
#LPR8YC9JL,61359
#9UUGQU9VC,79314
#JC0Y002LC,1821
#9LRC8P0R,16530
#PPLY9C8JR,33083
#GCU00V09L,27821
#GUJQG8998,12411
#2Y9PRGC2GP,22058
#GGYC920YY,39962
#2JJRUC2UUU,5172
#2RUY0CQ9VG,10231
#JGGQGGV9,62188
#J00YJUGYR,20056
#20PVJCR9U2,34328
#80GG0CV99,26413
#9CQRJ8LR,81141
#Y8L9U8QC,65905
#PQRL2L9LR,38810
#LPQU2JC8J,30870
#QY9CL0J88,10897
#2LUCVQVC8,50230
#CCPCY29J,30651
#2L8UGRYUVR,14259
#8U00VG99Y,53633
#L2R9P2QQ8,41395
#2L988V2LP,19660
#LG2YURL0,90258
#9VJU88R8R,21537
#2QJJLG9C9Y,12232
#JLC0LGJJG,6451
#2988PRPGR,19958
#9C9YJR2CY,23162
#9LYGYRR2R,86889
#VLUVRYGU,9790
#RVLQJQ8VY,17218
#2QCJG0LCYR,16838
#2RR2G2YUQR,6148
#L2LQCLR2C,32855
#2YCLURVVUR,6116
#2809VVYGQ,47601
#CYU828Q8,35398
#VGP8UU2G,89342
#28QR9G2VL,16707
#8G2YJQ9G9,31018
#PL29U2J2Y,29734
#U8CGUGL9J,17075
#L98CRJQLG,24273
#2YCJY8QPG8,14442
#PPUP9GQYG,42904
#LJC8CQCQ9,82605
#808V2J9U0,33412
#8GGVL98UP,30791
#GUYC2RVU0,60454
#2J2CPVCC9J,13397
#2YUVPGVP0,53110
#U8R2QGR8,72359
#YVCVYY998,2049
#P9L20RCYU,24014
#9RLRGVPPC,25480
#2899CCJ0YL,34088
#Q2PLQ2C9,91689
#2JLPQ80L9Q,20791
#8CQV9CPP2,26344
#2C8928UJ0L,4416
#2RRRJPG0C8,7637
#2J2VPU2JCL,19440
#80U2GLVLC,52106
#2L0LVU8Y,21859
#LRYYYPGC,17245
#889QQCUJV,45157
#82RGRG8,39231
#RGR9LGG,37032
#8RQRL92JU,32059
#2J98CLVL8J,1704
#V2UJ0YYL,71139
#2JJLUP9VUU,12645
#2YY2LJRR20,43565
#2QYPRQUUGU,15120
#8PR8G8G0C,49811
#2RYUVCLCV9,6692
#GCQ20VRCC,31529
#92RY2PCJJ,37033
#Q8CJURYRP,47702
#LYRUC2YRU,50382
#RQ9Q990YR,6267
#QJ2U9RQ9,18239
#9RC82LQYR,47945
#GLR2V889L,21524
#2YUJUQV0P,25255
#2RQC9VV8RQ,4138
#2RUCUQ8JP8,11889
#LPVQQGC2P,38214
#Q8GUGLVVG,50242
#J90V9U89,78203
#QGUUC208L,33396
#288QGLL08,44786
#2Q0GU09JVC,27822
#PQL9V8YQ9,28068
#2VGLQQ8PV,21219
#9L88QLCU0,28537
#GYVJVR8VP,33021
#9U0VYV00V,27241
#2R2LP8L8RV,20611
#2QUPL8RP2U,8365
#GUG89PRYV,10897
#R8Q8JJURG,30277
#R299P0JP,17002
#2QC20PJJ9V,10285
#J8PQVVY8,39012
#2QJL9L9YJ8,8650
#2GVR8JJCL0,31132
#PPJYLPJYV,29770
#2LRU2QRLQ,38467
#GJ8G9V8R,41903
#JYPP2YRRJ,9185
#PGGUVRYQY,44041
#9VV20V2PU,37689
#2QRCVLURR9,24331
#Q89JVV98P,45823
#QYJV0YLG8,32751
#LJRULR99L,28272
#8RUPYGQJR,51149
#2LRURRJCGQ,16481
#8L2PYLPCP,79184
#9PY9RU2PV,32411
#2LPVY2LR9Q,26463
#UVLPPUPC,42437
#2LUPQ8JC8R,63633
#LLRR8RG92,160
#2828JQLVU,58189
#9CR2Y08CY,73180
#299QY9RGCL,1354
#2QJJ9CVUU8,13064
#8RQPR0J0R,705
#8RYPUPGG,41309
#GRGVQ8U8C,41830
#YCJR0808,40273
#2882JC9P92,36026
#9C00CRLVJ,47902
#LVULUVP8L,35439
#9YUL82C2G,3408
#LYPYJJ92,50454
#9LR999JY,15359
#U09RYLCQ,62714
#2JU9PJ9UY,57389
#GVPVLULJV,21175
#LJUGPJVCJ,20023
#YJYQRYC80,69068
#PU2VLCP0C,28363
#2LJVGPLLUJ,26161
#2GV9GPU9CV,12497
#Q2U2LCJV8,23425
#2RVPQLC8C8,11207
#2VJ98V9V2,42723
#2L9RRLR802,30339
#YGLLVV8C8,19618
#2J822QV02U,3589
#2GQG0LUL00,15187
#GV2CU8GL2,4736
#RVULJ28LV,13091
#2RU00G2QGC,14088
#9V2V828RQ,39034
#9JPG80C2,80947
#P9PP8YPU,41928
#LGYPJYP02,23465
#R80R00LJ8,19643
#Y9JC9URVR,33438
#G8YVJG8RU,14458
#2RYYLLCJ2R,35774
#RY2GG8YGU,85035
#PUYR2UG8Q,57794
#28RYLL8YGQ,24459
#2R9QPVPYVC,9853
#CGQJGGVLY,6236
#8LU9JGQU9,35495
#2LLJ2RGGPY,13081
#2RR9G2VVQP,16591
#2LJ2UGJPRU,25555
#2JQ8UUPUV9,3400
#YVQYYGPYQ,52550
#29808RCQQJ,19777
#PVG0CQ9GV,31367
#2QY89828R,79324
#2LPC20LVC,38807
#2YQRQ2GYRJ,30013
#990VL08PU,20920
#GGJYPCY8J,10083
#2JGG2VPRC,43172
#2R9YYP90GJ,13706
#2299V0PRUC,45912
#PCVVPGV0L,40693
#88C8CY90L,76377
#2C0GGC9RLU,1899
#LJULGRLPQ,41236
#9Q2VGG9C,53089
#2GR2JV0PUG,21843
#22R28UCP8,50886
#2LRVYVYC8R,17253
#2RP0CQ80JR,14491
#9J2PQ2R9J,13958
#Q8290PYG9,53527
#2RYR8YL9JV,6518
#80LC8VYJR,16753
#2C802CQ0QL,8511
#2RGLLUPPUY,10387
#2JUVRGRY2J,5653
#Q2RYYPQR,13027
#2QV9RGCC28,14801
#YG8J89QY,32655
#2QYP0GQYPP,22792
#2L02J8P02J,20629
#Q0JUGLVYG,25326
#2Y09YPL2C,42220
#2J9VLJ90YR,12014
#888ULC20Q,51595
#P89LGL0PG,57361
#LULU0R9Y2,18780
#RC2J8J9Y,35701
#Y80G09CQJ,4611
#2RUV0JLUCR,6500
#GQLQVLL92,57052
#Y0GQJ9P2G,32123
#28J2YGJQLQ,48686
#2PGGGG9RR,78411
#2RCRGVPC9J,17329
#9PQCYRJ9Q,40756
#2VGP2J9JY,62401
#R0RP8LGUJ,13314
#2JVUPGYV20,7356
#2RC8RL2QVR,11727
#LPGGP88Y,42423
#8RUPCUQLR,34272
#GY8Q282V9,60822
#LQ9PLV8,48862
#GQVPY990Y,5924
#Q08VC2J8P,52499
#2JQ9PC8CVL,2527
#2JCG9YPGCL,2579
#2RU00G9UP8,16797
#2UGQL2QG9,75079
#Q2GQGYPPC,4358
#QYL8JG9JJ,76485
#28G90UYLQ0,13933
#282VQJ9VGJ,10868
#YGJUQVP9J,14763
#82GQL2G92,58192
#89U20P0VV,29084
#8Q9VPJ8GY,27006
#P0PJ00G8J,46975
#9Y00Q8J2Y,20568
#2GUGGGG9GR,12314
#2LU29VYJ2V,15660
#YGPPVCJ9J,30252
#2QCV0V8QV9,3722
#L80UJQV00,31066
#RL0PCVYV2,44951
#82V0CU9UC,45198
#9Q9C999J8,32000
#2GJJ92JRVG,932
#920G2289Q,30260
#9C8GQ2R0L,28508
#2GYYGLQY0G,5755
#L0LV9R2,63211
#28QURLP2C9,30659
#989QV0CP,50093
#QQJQVVYP,83698
#2J2UQRVGG2,9290
#2RRYRPULL,28530
#2JJLRY2829,461
#2JQLYP0VRJ,1282
#292Y2PY82,34321
#2LRJPCRGYC,42647
#8C8JCG8YV,44684
#28P0Q2CR2,44630
#2YCU89C9Q9,26888
#R9JLV20L2,38805
#G0YJRR8R9,26910
#9U80LCRLQ,25370
#LGV0R8UJQ,48706
#R2J2V98VY,30929
#9CL0L2JPR,49243
#V8VCQY2L,64795
#GL908CYG9,39539
#GLP8J980Y,28525
#2JGYG0CY0L,10080
#YPGLQJP2R,57901
#92CPGRVV,72277
#RL08CP9GP,33655
#QCJRUVCCP,23933
#2RJU22JV02,8952
#GG0LL0YCC,51036
#8RQ8G2J8Y,34451
#2R2QRQJVLC,3410
#GU20GYPUL,22440
#QPUUJG08V,63953
#8990J2G,84970
#YVCULRVRU,48917
#QUC0UU8R,41751
#2LYGJL228,39193
#228QGCUYR,21716
#CGGQRVV2,15927
#22UP2QGY,26799
#YGVQUCQC8,46708
#GUYQYJVPR,14836
#YVUP0G8V8,19019
#2QJY9CQRJL,17890
#RCC2QJGQ,26560
#RQPP0VVVG,59578
#2RC9GJ9JLG,10090
#L80JJRYL9,84233
#GGPPQG8V,34166
#RJG9G9GJU,9425
#2LQVU2U8CR,20438
#YUQV0GYQP,52295
#PPPVPJP9Q,42745
#2RCUV9PR98,19933
#2R8GL8V0LQ,1231
#JY9J089YQ,13503
#GCRL9PJQ2,40873
#YQRGY8GQU,72374
#PG89CLR0U,15097
#J28Y0QUQJ,12873
#2C29LY9P28,10082
#P8UGL8JJ8,95369
#YC2GPC8V,23556
#2R2QYR99GG,3078
#282V8UV2,53085
#2R0UJULU0U,6921
#2GLRQVRYJR,1942
#R928YG800,42520
#L0U2JQG,27061
#G0PRVUVVL,35419
#GLCPVLL8P,51564
#P29V0LJQC,67009
#2LG98YCG90,15691
#2JC0VPVUQ0,8327
#2J29QJ9CRG,10452
#9UG9C9RUV,56712
#2J28GG8LJR,20219
#2QC2JRURGP,32675
#2C809988Y8,5956
#2R9QLQCRYV,8418
#QGUGR2YQ,12649
#2JJ88YUUCQ,1356
#2GQPUYLC0P,6995
#Y0VVPYGQR,28353
#2L2VPJ92PP,13399
#L8VCQQQQ0,39633
#L8L82JPRV,25644
#LC9Q90GLC,29001
#L2UCGQGPV,48103
#LLJJ9VJJR,29507
#9UL08CQ88,35753
#8JJ8C8CP8,98014
#GRGPLRJRY,13990
#8PV0RP2JY,31484
#2C89L0Y0G9,4385
#2YYJQ9PUV8,39099
#YQRRPJ0,68303
#2QQCVCCQGG,18748
#2800VUJY,28763
#9UYPRU8RU,64158
#Y898UGLRY,35082
#89L902QLV,36582
#2QJQYQYJ9Q,17003
#2GCR888YG,51680
#2C88G0U29R,1774
#GG2QPP820,24742
#GCCYJGQV0,25433
#GVUY9QG8,40630
#80GQRLV2R,16108
#C82UR298,51629
#2UU2JPL28,44468
#UP0P9J,44222
#VPCQGVVR,48654
#9J2CQLRGU,1679
#88J2LC0QR,14503
#8PG8QU8U0,31825
#2C8R0GCU9V,2562
#8JUYY8QJ8,52912
#LVJ8CJ0G2,93157
#8JJLG8RR2,14191
#2LY2GJQQL8,17040
#2JYLCL002R,4504
#2V9U82YUY,34407
#82YYQ0UPJ,71727
#PP8UG0RUL,30016
#RL8UCPRJ,49128
#2QGCJJRVRC,19037
#LR9JG29RQ,19398
#8UVU08LPY,29499
#2JRUVJQGQL,1904
#GLGQJY0VQ,41759
#U0QLCRJPV,14474
#828J0V8QL,44924
#2C0VV2Q2C8,3030
#28GU2JUQCY,19016
#PQ0YJCQLY,28058
#2RUUG9G8C2,4823
#2QQCV8RUUY,45064
#802L9GRR,58216
#QRU99Y8U0,40663
#RP8VCVQVL,31466
#2YPLV8CLRJ,52048
#LUCJGQUY,42514
#2QG9G000L8,22635
#20YQY0RY9Y,16742
#CGC8PJ8CQ,29947
#RJP22J8G,25350
#9C22PR9GP,17547
#22YQRLJGP2,21566
#8Q2GJ0PJR,44116
#GY9Q288UV,16017
#88GU9LLQJ,61859
#P9JGUV28R,45664
#P8L8YCGQR,78096
#L8UYYLLR8,26192
#2LP90VJLV,41122
#GL8CYPGU0,35072
#8LL9PRG20,17751
#PLUY00QYR,4789
#Y00YRG0LC,47123
#2R02Q9QUC,44311
#RYGGULGQ0,43447
#2RU88Q0GYP,9807
#2GYYJQV9GG,15129
#QJJ2GCLV8,33500
#9G9PPY8LV,69515
#2YGPLPL9Q,40560
#9UPC0JPPP,50363
#LU9UQ9L0,44463
#GRV9P0GYQ,21532
#2YU0RQY9Y,78257
#2QJP9RCJPJ,9407
#2JYGGLJLL,79855
#VUJ8RJR8,30324
#2YVQJP82C,72312
#Q0YQ2JQC,37784
#2QVUG2L2Q2,13713
#PVCGPJJVR,64569
#2L2CCCGL99,18075
#2YUC82R9VR,15439
#9J2Y0CC0U,21796
#2QUGRYJUV,58561
#Q9VYQ8YPG,29053
#2C8UQ90UJL,5276
#2QQG9G0UP9,4446
#PPY2G9RLY,29872
#9QRYCJCJV,37823
#RRU82Y8Y,62415
#2RC0RLR9GU,6898
#Q0CC2YY98,15557
#V9QVPYJ,54612
#2QQ9QUQR08,3730
#28QCC9VPJY,8366
#PYL008UGR,20009
#2GU80JL,83347
#2JJ2P2LR2C,12946
#2YPVJPQPVR,43335
#GLYQLQ0U,22875
#QJGPLQ2G,31816
#PGP2P0R0U,1533
#LCJCLQV2L,11972
#2L9L0YYC2,54096
#2GJ0U2LU0U,9990
#R22CCCLR,91965
#88V292Y8R,29435
#GJGGGQC0V,18465
#8YQUJRYQ0,38772
#2JVQLQJLYC,10112
#28C8CU0L8L,29774
#2Y2UGRQGP,48497
#8GQQPJQL0,30143
#RYJPJ8RC9,11136
#8CGQVQGG2,20526
#22JJRYC9,31731
#2C8UYYGQY2,243
#PCGY82U9P,63
#2GQQVLRC80,3584
#2LQJJGJGJ0,41821
#QRY9QJ022,39333
#VJVU9LJ8J,39117
#2J9CJGU298,9001
#C8JQ8CGPU,13409
#RC809LPR,30172
#8LVGR9CUL,15286
#908QPCLCJ,25877
#9LPYY828,37752
#2LYGRPPL02,23268
#2V2YG829L,50654
#9PPQPPUCJ,78184
#8L2LG08GJ,49355
#2RJ0UVL98C,11507
#2PYRY92VL,58478
#LJGP888GL,1747
#2GQYRUQPJV,16587
#QP9JQPU0Y,45965
#2L88Y0GUPY,13000
#G9P9C9CU0,22213
#8CJ2L8VQ9,46255
#GPRLVULRR,40293
#PLJPVJY9V,4062
#LQQGPGJ99,53037
#YRPRYL80,25510
#GLJGC9L8Y,2254
#LJRQV9U,89196
#2LP0890R9V,27326
#9VVP2CJP2,14481
#2GGV0QC2CJ,6672
#2GLLYY08LU,14213
#89C2UY9YV,25458
#9V099QJY,33375
#8QLJYU2JC,37696
#GYGQ8LUVC,19958
#2QRG82GLQ,49550
#8GLL8P8VL,17222
#882YR82U2,7704
#2R2LLLYR2,39539
#2RL90V8R9,61825
#2C9VUVJUJJ,2875
#GU02QUYPL,33149
#GU2JV0U00,17245
#92RYGGGJ0,56864
#GP2Y2VCU2,15471
#2QYJ0YYRPG,11883
#GQUGPL00V,52588
#28YQYVCC,38316
#2YY09Q2PV9,9251
#2GG8PRY29Q,5965
#CQGGGVJY,93002
#2RUUGYJL0P,4464
#2GR98UL000,15939
#PR00GLCYU,39418
#PPR9YVRCL,34278
#8LLQ2G0JV,33575
#YCVCP2L92,16049
#JLRLUVUP,74692
#GGJGL889U,38518
#2QP820GJC,50776
#GRPYPGP2P,36041
#2VRCPCRU8,34321
#28YGJ9GQGV,17357
#2UYGUC8JP,21414
#R9VGQ2YY8,12880
#Q2P0Q2YRQ,20054
#Q20P8GYL8,76132
#2R2PVJJ2V,34704
#80UL2VUPY,35893
#2Q0P2G8YG9,26278
#QUURGYLRV,7748
#YL0Y2CCC,50605
#GCUUV9QP,15113
#GP29UQUPV,2730
#2JRVJLC0U,87758
#228JGQP8V0,30197
#2JPG2GP8V,38436
#P8RJCRP0,12085
#PG9JQ2YCQ,23498
#R8YGQP82,45563
#2YVLLYV2Q,31768
#2R0RQQCPPU,14554
#PVJU0LJJC,50694
#JJULY8V0V,34221
#9VC82UQ0V,4101
#2Y0V9V0JVY,26563
#RLC8G0CJR,22480
#28PV0UPCVJ,8704
#P2QRJY89R,46862
#2LC80VCYRR,41426
#2RU89PYJGJ,9244
#82CLLJLQV,93523
#PCU229Q0U,55374
#2LJGR2GLVP,15119
#2CYLGQLU2R,2971
#292GCJPL9,73222
#29C80RQC0L,11859
#QUQUJ9Y9V,21361
#2C0RU80YL9,4930
#2QR2YP9YUQ,10108
#GLCP02P0V,42733
#2GJCJRRULU,6027
#2R898VGJYV,14711
#2GJL8PLU0,13036
#2RQYC20UGJ,14564
#29U9LL8V2,68926
#2R8V0PJPLR,8309
#G2JJCGJPG,75950
#8Q8Q8CLL9,28556
#2Q0JRLQP98,22792
#2UU9GCV9,27387
#8CGJ92QRC,27219
#PVUL8GVGJ,34209
#RQ9YVVRQ0,15543
#PLLRVGL2,17406
#VLC8UGC2,24042
#2YRVGP02PP,52043
#L2LGU282J,21369
#82L8Y2U0V,89440
#88CJVLPYV,38418
#JLC2JGR8,22842
#2CV8JGJJR,33526
#28LUGCC99J,8233
#20YPPGQQ90,12880
#P9RYV2PYR,30034
#LCRR8GY2,38364
#YQPLU9RGY,97361
#L0GQLC0UU,36596
#2LLL02CVUP,20949
#RLCVPGY2L,7326
#L92CG9JLQ,79083
#8JQCP29LR,57912
#2C0JPVUUQ9,2576
#2PYR99ULR,56620
#C8GU988Q8,5731
#QLRCQL2CJ,6503
#900GQ29JQ,43066
#LQ8YYLJQJ,26558
#GQULY0Y9Q,23421
#L8J9Q0VRV,6787
#LJ8LULYQ9,37781
#PGG92R8YC,60925
#2280LVC2LU,8440
#GGGVGQYL9,29702
#LQP2G00C,17693
#QYVRCPQGG,18942
#2QJ0PCURQ0,32669
#2C2Y2QY0QG,7974
#GJ2Y0LJGL,52223
#2J2VQPUU2U,6867
#2QJCQCVJG8,46493
#CY88U9GL,12495
#2QYJCUCQG9,35434
#2C2LP2YUUC,2117
#PVRUJ9Y8R,65414
#RGVYYJLY8,37814
#YYY2GQ9CP,47391
#2JJLLL8VRJ,9446
#8Y88RULR2,35126
#RYRJQ99UP,44880
#2UCJQ2GPJ,47850
#Q2QJ99GJQ,90863
#JJVGCL8P,39442
#PQG80P8QC,55245
#JU28YVGY,93575
#P8VC90JYR,34848
#LL2QYR22R,49279
#9QGR2R09Q,23453
#2Q2YJ02GVR,16943
#GPPGPRC,22559
#YU0YCPPP,59720
#2LCU9J909Q,18310
#2RU8LULJJV,4149
#2GVJ0CPPGV,20711
#U9GRPJ92,40660
#2GRLCCL0G9,15400
#GJGY828Y9,47911
#2G29G9LLUL,31784
#2G02LC9GC9,5137
#8GL99UYY,28546
#RJVY20U9J,39044
#PJ02QYR9J,49313
#88VPYJPUG,74560
#2LJRRYYLQR,6585
#U2JQV08JL,21704
#2VCJ9CJPR,8798
#UG2RUY82,36536
#YQY8VJVJ8,35119
#GLJCUP90R,44871
#2QJ9JGY0GG,17279
#2JGVRQ0C29,8266
#2GCJC2RYG,73701
#RRLP8Q0LC,48436
#CQ2JRJGV8,13640
#RYQU8L8Y8,42699
#RJLYYQR9,84381
#GLQP9G9JV,55067
#2JR9RLRR8G,3821
#PR0RJLPCV,40991
#VG9PUCJV,60059
#PV9CVY89C,26201
#8G2G0UJJ0,32834
#9LRRCYL0U,74773
#L2UG2JU8U,9561
#2Y09VP0P9,11029
#2PCCYP98G,36679
#8RUQGRGQ2,94915
#PGRGGYQQ8,56065
#LCGPCRGVQ,37176
#2C8CPVG2RY,3192
#U2Y2GJJ28,38725
#2CLPRLQCYV,5764
#2G02LQQCV9,8581
#2QG9Q2G982,39600
#2LGP9YPJCC,37500
#2UPQLPCP9,43192
#2Q0G9G2G2R,24256
#8G99LGYUY,34049
#8R989RLVC,36532
#JJ8U9QGV,18246
#LYUJJ22UV,28509
#P08LPVL2J,19665
#Y9PGV9RCV,53879
#2L20U0J8LU,10771
#2LQ9LLL9JG,25759
#2J8CYCGYU0,15364
#2RVCCJPL22,39511
#LYJ8LPJQ2,20021
#22RRGP0R,30598
#2JJPLVGRQP,8708
#G2YUQCC0G,38773
#P89VPLUP2,23005
#2QRJG8V80R,17075
#2QPC8JYRQU,5034
#2YU0VPPGGL,13650
#2LPRJP882,68772
#R8CQR2LYY,30511
#2GUQJPRJ8R,13102
#2LY88VUJ8V,42505
#2QLUGYGYG,75306
#2LVGC8V99V,30531
#9UJUQ002,45057
#R8L2GG0GU,51594
#JQQ00LVJG,17045
#Q20Y020R8,98098
#PG9QJL8V8,36242
#2YVPU8J20P,24909
#GVLYC8VJ,32783
#2R8QPRQLCY,19979
#2Q2JYLYGC2,6010
#YUCUGGPR9,92785
#2GYY0JJUPV,16601
#U8CQV2L0,55104
#9YC222CUQ,65276
#2J8VLPCU8U,14515
#2LGC089UQ,35704
#2QQU2R8UG0,8437
#2Y90CLCUGY,27305
#2PP20P2J2,30445
#2RCQY99LRL,14080
#28PLYY0CQV,10944
#P80Q028V8,38597
#92PLYGPP9,30391
#VYUCR0C9,17969
#2JQQL8VJG9,9679
#2L0990PJ2C,3671
#G02PQJCYQ,44156
#2C8Q9G22V0,6126
#JJ0VG8R2,96595
#2LL8YR0CPY,2941
#Y2GL8U0JL,37143
#2QRVJUGYPG,16060
#GLJLVYJY0,28007
#QJCGV9YJP,10983
#LLPU98UVP,69316
#2JL09QRGLU,10250
#2YU8UL2R22,69249
#989YPVLUU,40199
#LLPLRP0L9,39189
#PG28UGVC8,32531
#GULGVQCYU,18032
#GV08U02Y8,4830
#2RC8QQLRPV,6102
#GRVYUR899,3456
#2G90990PUY,25920
#2J2LCU8PPY,10954
#QYYQ0CYR2,18767
#2QC8CRY0PQ,16704
#2LJ28GLP9,12338
#YYL0JRUVU,80835
#LVPLYLUC,78010
#929VRU0PQ,61338
#88UGP2YYR,59571
#2Q02VJJJ08,4416
#29LJ8990,60007
#PRUR9V2Q2,72939
#8JC8RY90V,47188
#LC8C2CYJJ,35683
#9VRRGCR8G,18270
#QVP89RYLU,44358
#8UY0VPJRL,62025
#RVJYP92R,76634
#PPR0J2PG9,21797
#YLC9RVL9Q,36162
#GLU8JUJQL,13196
#LJLCYY00R,93666
#2QGJ8C2PLY,20559
#RU28Q222J,14444
#R9L0Q0QY9,20457
#R8LJQCRCY,25476
#LQGRYQRQU,68078
#2J2C9YVQG,51921
#PQC9VC0R9,43469
#209YCPLVV,20904
#2QYL2Q9VUL,16739
#2RGCJRUYJJ,7081
#2C0Y8LQG,30792
#2QRYLPUG82,29301
#9V22RRPLV,43233
#9LVVGVQP2,73543
#VVG8G998,73052
#2L0CQGCCQ8,21411
#Y22UQC98U,27870
#Q98QVUUPJ,37171
#2VJCUJJJ,20859
#P9CCPR9C,42986
#LGCR28R0C,20447
#YVYVU8L99,17641
#2YP8YU9YG2,24709
#LVG222UUY,43836
#JQ98CL2Y2,966
#QPGPRGU,35745
#YU0YQU2P,85732
#J2CULUG99,15160
#J9UVL9L2,71519
#2R00RVJ0P9,10453
#QJGLVLVV0,23660
#PLUQ90L92,78131
#YYJP09JV2,48302
#8UQL2LURJ,18318
#RQCCCL8CU,19432
#YCLGCQJUL,14131
#2QCR9PUQGG,13126
#G9YPQ2PJR,65239
#YVV0RR2GP,2476
#8L2L9L8JG,54951
#JYC0GU9C,3801
#9J8PL2CGU,40845
#2C0GUY2PGY,7414
#LPLYRP89R,35126
#YVCCCJ0Y0,44203
#2LQV20QUPL,20387
#QJL290Q82,31841
#9VU9GQVGL,39175
#29Y88YJ9G,35303
#YP9UUPG8,31797
#2C8PUG20LC,1415
#228J0C0LC,20376
#2R2GYJJ90Y,11908
#28RUU8JL8L,32198
#JG282V899,3809
#920GY2QQ,10511
#LPJQGUU8R,15892
#2Q8YJ2UVLG,57162
#9L8R9VUY,88774
#2LP2GV8VJY,20669
#RU9G8JL2,29728
#2JCJ2RGUCQ,5446
#PYLRYPQCL,68407
#VLQ0LVC8,45526
#98CPYVP0G,27727
#2JGQP8LJV,11159
#2CLQYVRUQC,2657
#R2PQGC8R,50319
#2R2QUYCLC,25297
#JR2VC0JJL,32040
#LU0Y88VY,33514
#2JQ2GQPCJC,12999
#98VCLURPY,67990
#2LPCYUVPV9,38137
#2GGQVRCPC,25265
#PQRCGVGU8,55764
#ULYL2JG9V,42679
#Y8URQ2V22,37746
#9RLU2Q0G9,14134
#2RR200GGGR,16781
#YUUUUU8CG,26631
#9R2JYRL8,28215
#GLCV0GRY0,46468
#LL2QYGCP2,26817
#P0PY0G2J,35660
#ULP89QGL,37410
#2LRJ90G9QR,21301
#9U8YYP9,54253
#2LGRRPL0YC,28380
#JJLPCJLRV,20789
#QV8YGLJ9Q,17449
#2ULVVJGG,30454
#2J88PCVCJG,15269
#922J2YQR8,11353
#92L8VVLR9,24921
#8R0GYL9UP,64692
#RQ028VLJU,32829
#8UJRRGLVG,49151
#GJCL0Q02L,24688
#22G2J2LV8,50271
#QQ9G98RPJ,41691
#2RVY98CL80,11332
#8QPJU02YR,34666
#R2UUUQ0C,30580
#9P8U2G09L,56671
#2PCG089RV,53534
#2LGLLVQYJR,19279
#2QCR2LG0L9,15273
#P8GQYQ82Y,67985
#2YGY2CQP9P,19275
#2LVCYL8L22,10169
#RL020LLP,22695
#QYY88U9GV,41841
#9QVGG988Y,52022
#RPJYYR2CQ,7640
#2QGC89092Q,31150
#GR09Y0CPL,55061
#PY2LJ0YCC,7574
#82CQLJV8G,34222
#8PQL9VPGY,24676
#YLLGQU98V,16778
#8CQCJY8QU,25907
#Y8CUPRYY9,22699
#28GYC8VJJ,30371
#2J8U20QV9J,9011
#QUCCY2899,14616
#GQLR22U90,48046
#2QRLCJUVPL,32404
#2J0CJV99PJ,9256
#8UY9PLL0Y,36427
#988PYV0QU,40361
#QY800R80L,1799
#2RVQG229UQ,4514
#2GJQ9CRC2C,12927
#LJCJJLQ9C,37448
#9YULQJCPL,42496
#90VUR9CR,43055
#2R2CV9PU9C,8157
#YUQYYJ0LV,13206
#2J20L0LQCG,12661
#2QGJJQ29YG,20277
#PQCJLC9GR,51425
#28L2GC0LJP,50802
#L920RQQLV,33628
#RL8GGV0U,45928
#P92CUL80R,19273
#JRRPRYCY9,38005
#2JCQPQ9J0J,7741
#8GVYPCRL0,257
#UPGV2C2L,4702
#2JC8CCPLYP,2309
#V9Q8L8UR,29595
#GYQ9CPUQU,35227
#28G9LPVVRG,8884
#2QQQYC2P02,20942
#RLCQVVQCJ,27889
#29VLYYYYQ,25579
#280ULQC980,31550
#28QCV8R22P,12575
#YPLR2LRLC,37580
#8V8JGGLR8,31612
#GUP808CGG,9715
#2LJP9C2R9Y,18017
#2GGCPP9GYG,14783
#9J88QGC8G,3647
#8JG0YR8UG,17642
#2J0UCGQ9U2,13886
#V8QQ9JJ90,27186
#2QUPJPG2RL,14348
#RYVGYL9G0,34408
#8YC22VYU2,44066
#LGL0PLJYR,27405
#P0R92LUCU,18548
#LGY29RLU2,54274
#2GCVVUYVUG,15561
#YVUUJ8QJG,1493
#P2U8GPUY8,41333
#GP0VJLL9C,28626
#2U9LC0G9C,17600
#28YJVV8PL0,42279
#2QJGLG2ULG,19609
#8QJJ8YCG,30430
#CUG8G0Y0P,16619
#22PVP22PGV,12410
#2LJGRCVLC9,24241
#L2VJ2CGGL,51761
#92R9CQR2J,40501
#YJPCQR2,33927
#2J9JJP9R0J,13399
#L0UVY0RGG,35212
#PY9JR8RG,10102
#2L9U88R2GC,35377
#22QL2R99,30601
#2QVGQVCQQ9,7309
#9J82UGYYL,29587
#QYP2VJV0,27291
#2JRGLU2GVV,6187
#JJ2YCYLJJ,36507
#2LJ99G008V,42575
#2QRCCU0Q28,9237
#QJ2CY0UU0,19406
#J2QLVCGV,45441
#2QL099VCGL,16552
#Y8CRLJ9JV,14007
#RGQY20LPR,29507
#2C29LPPGPR,8518
#2QPUJUJ99,43403
#2GQQC88UQU,23222
#Q890R8U88,17041
#2LJ82CC8JU,12125
#8QRCC288,17693
#GVQYRQ8Y8,23856
#882UV80P,31457
#28RCCYLPJ,66847
#J28PYR202,6786
#8JG98QU8L,25487
#PYGC0Q8YU,17965
#2VU8QRQGV,69699
#29YR82RV0,29064
#CCU8R2GG2,50732
#QRL0QR9L,64805
#208CPJG992,19970
#228C292RCV,23119
#P88YYP9U8,8272
#8QRYYYUY,44519
#9J0VCP8RJ,13522
#8GPPR2YGR,45970
#LC28GURRG,16242
#2Q99Q08JJP,3479
#8YQ2JP0Q8,56835
#UQRGR2V9,58958
#2GQVPR0VL2,17070
#YUPURYVQP,16396
#2RY89JULJP,16390
#9CL29CV2Q,34415
#Q9RLQY2P0,59537
#2LRUVCVCUL,56082
#8RL2CU9RC,22781
#L9UJ2R8UC,74293
#2Q9L2CCQ9L,24906
#YCPU8LGV,51363
#2C2QR2RVGQ,5019
#YCQU9G0YV,48955
#QP0CQPVC,33828
#9VP9P0RVR,57480
#2G92V8QPUL,23973
#2QV88YVC9C,4358
#J9LU0CQYJ,14209
#20YVJ2LRV,90432
#L9URL89J9,37894
#22YPU0L892,46720
#J00YQCJUJ,6832
#R8QVQRQCR,29888
#2LRUGYLCR,26530
#8PG0J9JCP,77833
#VL9VV0G,26589
#9VVPY8YPV,6394
#2G0880G0L,11784
#QYPJRU9YP,2705
#2QJYYR2V9V,1233
#8UUGL0880,42914
#CLUU802CQ,19496
#YL0JYR2,8600
#2VCUG8C8,49823
#9VV0UV0PR,19944
#GC2C009Q8,29917
#JP200LRC,46099
#9RLJ00RQ9,60361
#GLV2VCRYL,6152
#2RC2YUC0L0,17358
#GU0CYP8VP,38022
#2QJ8VGV0LJ,13440
#2C8C9LR8L0,1626
#92LGGY9V9,34409
#8GYGR8GCJ,53833
#PG0V9PVUP,13508
#8R8Y2QPGR,70545
#L0CY0R9L,27148
#LLY0QP99R,15864
#R2290Q0UP,18088
#98QUY0J2,65763
#PPPL98RU,17537
#LGJ9VGRQV,23333
#Y0YLQ2YRJ,61712
#20L8822JLJ,35337
#URVR8RJR,24391
#98R8YY2Q2,50255
#2QRYVR0GPQ,2008
#89G28JPY0,45311
#2JQ99CQVRC,12742
#PGJLUYR8,31229
#RRQRLQC2U,21771
#9UUUCU8UU,48806
#2LUGP2P0JU,51572
#8L9QJQV,21697
#2GQGVU98UU,16227
#JCP2R8UG,12029
#2C9JQR8JP8,1128
#2QQQ8C8JY0,11920
#2GJ0C8CYJU,2891
#2LRJ90QVGR,17169
#GY0JL9U82,36847
#2222L9U2RJ,31487
#2UV9JLU00,49031
#P8RY08LLP,68257
#2C0QUV8C9Q,3347
#GJCJVPQRP,24260
#99UQUUR8G,15177
#2YQ8CQVPJJ,11929
#2LL00GUQCL,41855
#2RCUY820YG,15013
#29GCYQQPQ,57918
#JQVV990CC,26570
#PQ20Y82VU,16242
#C9RRRLY9,54323
#C0UCY9QC,66957
#2LQP9L2QRY,30869
#GVQ8J2L8J,8772
#2YC0LRQ9G9,40556
#8VJQ8R2JV,48568
#CPV89CQV,69528
#JVPPJR292,43399
#CR82C802C,26379
#L280CJYYR,52829
#8U0GRP0U9,76438
#2QLYLLVY22,14105
#2LPYULYG99,3694
#RQUQ8VR82,5006
#9UJ00UQJC,38502
#2QGQ90U9V0,25379
#2J8U8L2YQP,6962
#2LVYJ8VYPL,31844
#QV9RVRUQU,80854
#2L00CJGR9C,34322
#8PCQL982P,46852
#LV0UJV8J9,74581
#G9UYPRQ8V,38766
#VYYRYCV9V,62033
#YP8GQVGJV,61789
#PY8VL8R00,42940
#L0P890P2L,8478
#2YG0RCRYP8,12852
#2J0RYC90JR,8112
#YYG2URYC2,25984
#2JRYGRY2G0,3876
#GUVQPR9CJ,26831
#2292JYPCY,14966
#PPCCYVLGL,24697
#2JVRCUV0RJ,3403
#22LLRVRGPQ,22516
#9RCP9YPQQ,30169
#RVQGP220J,41010
#2GRUCPQL0P,11993
#LJ2VLC09Y,9885
#990VP2YLG,32535
#2C2LJC0PJ9,6685
#8UV9Q9VC0,30748
#228LP92C2,45254
#2YVQ0CYQY,57883
#2LJYRY8JRG,10119
#2Y89U8CCLY,34137
#8820GQP8V,10417
#2Q9GJU9LPR,13790
#LYQGJ80VJ,26478
#2J90VCJU99,13222
#PP8VU22Q,56367
#GJGCCVRR8,4965
#VG89YLGG,15373
#LQUVQP8LQ,25238
#2LQYYJU9Q9,51747
#PGR8Y9VUY,20650
#2RJ92UJ2VR,10241
#2JP9CVYYQ9,10976
#8GL99Q88G,34077
#2GV8LYG202,13948
#L0P2V2L22,4223
#2RYJ0VYQL2,17489
#Y99R9QCYU,99705
#V0RCU9P,20852
#22VYR2JP8U,20407
#2YUCVJPUY0,47676
#PCJ8QLQPL,16118
#PLLJC2GYL,19274
#YQVGCCCLP,37398
#LY2YJJVJ,34109
#92UYJLUR,36921
#LV9JUL8RY,39079
#2PUUQ2GPG,25272
#2L20GY9YYJ,10027
#22PJ2RL9GR,22838
#88JQP9QCC,3262
#2RU899GV28,18363
#2GVJJQGJQU,11796
#QQ2R0829G,83343
#2RQYCY00L9,12396
#Q9G9V0L,14649
#L8YL0P9LG,19984
#28RQ8Q99U,60025
#2CUY8VJ8,23062
#LUCJ2PGGP,26876
#2CL00LQ9L2,438
#8Q28Y9QV2,26169
#LQU0GG2RY,25331
#20CYGQJJ0P,21418
#P9JQCYQPG,41621
#99Y808CUP,11387
#GUL028QV2,25544
#2JRP8Q2J,56861
#8JRCRV8VV,13279
#2RCYV0PV2V,17425
#2RLLCUJJYQ,7952
#2CYLRCL,89868
#2GQCGU2YJ8,7347
#2YQRVG2J08,38376
#R02UR2V0C,20565
#8V0LLYPG,43959
#R8LR80RCC,49057
#9LP2LYRY0,17115
#YUQGP2G9R,10988
#PCLLRPRGU,47010
#2J8JP8YJV0,5850
#2LCV9LY0VR,14906
#2YRGP2JUV,75393
#PVQR2Q00,35819
#9LGR9GVPJ,40260
#2R0CY2P0,70246
#2LGQRLGRQC,47063
#PY0VVYGCQ,43935
#QY9U8GPYC,54100
#CJVP0JJR0,14496
#2GGYJ02LVG,7419
#2Q29PUCU,52271
#2QYRCCGG99,30260
#L2QCQ0L9Q,36186
#QRL8VLP2U,19986
#2QGGGLY8RV,10209
#2GJJ2J8YVG,15792
#20RR8PLYQ,39241
#LGLCL92C9,142
#82QGQJLCC,44813
#8Y2GYRYUR,587
#JQQVC99G,34214
#2QLL9GY8LR,48961
#P20GR82VQ,39463
#2800288UGL,37520
#GVRQQJC99,19039
#PVJYUY2RR,57469
#Y9JYY090P,92852
#2LQ9RC92PV,54984
#2LP9GQGCU9,32090
#2GP8G0L0PC,14046
#282VJ9GR8,25394
#9J2UVLG00,70569
#29G0LQL02C,21751
#2LRU8GVV02,21219
#UVUU8G09,33894
#9UVUU0PGC,14978
#GQ2V998Q,86410
#G99G89Q9J,8147
#8G9CUC29J,49071
#90PCYQ2LJ,10897
#2V082VPYR,79213
#GP2ULP8RJ,3300
#2QQP0Q80UP,23381
#2JYV9CGYLJ,14356
#2RCCC00RYV,16936
#2JPRGPCVCU,21505
#LGJQLY0RQ,20989
#2RU90LRC0V,18280
#LGQJUR90Y,15378
#998PV0PUC,78362
#LPLY989PP,30008
#8YLY8RV2C,50236
#YG09R8JVR,21008
#2Q0CLV00PU,11374
#L9VCR8P0,46600
#2LY09C8J9P,9122
#2GPRL2U8YQ,22437
#GRYY89QL8,20481
#ULQ2LQVC,21102
#2JJ8JRYJ0R,10605
#2JP802GGCR,3910
#220RL8LRPV,15143
#2CPGVQYC9Q,7148
#PG0VU2JJP,3808
#20U2LY2Q9,53523
#2QUU0YCPVJ,11417
#QU89C88V,41763
#PVLLGLR20,55166
#PLYY90YLG,82550
#Q9PQUJ990,32973
#GU2LR8GQP,15221
#90C2G9GUL,18032
#8UQYQUJPR,38763
#8VGCCV9CC,85153
#2QYQLJ8UYY,20444
#22RYRRQR0,39621
#RPG29GYLG,29807
#29GV8UQ2U,68461
#LPL9JRGV0,25353
#2L09Q98YVU,8971
#LG980RLR2,42714
#P82C9VCY8,81570
#2QYG9QUR0R,22317
#2QJJL29CCY,18483
#Y0VQLC29,58049
#RPRYY9QCP,42073
#VV8YCRGP,17826
#2QVLU2YJP0,12505
#GULRY9P80,33816
#QP0G8J08,11730
#C00LGRJ9,15709
#Q9Y92JPLU,12831
#222RYQJVQ9,11625
#2YGQ229VPR,22906
#2UPL229UL,72970
#L2J00PRPG,30463
#PRQU22QY,62644
#9CGRJ9QRR,24190
#22RGQ0LP0,34472
#8Q8GGG8C,62119
#8LU29G2R2,56570
#9RLYUJURY,60352
#G0PVLUYY,45499
#220JPUR22,34939
#2LCVYQQQ8Y,25569
#LRC228YJL,58763
#82QC28L0V,15874
#QL9L28VV,33037
#2RCQUL82UY,5851
#82Q8LVVQ2,16202
#2GGUQ99CC,47539
#8VLJQJ9C,85048
#2LLRVJUP80,9718
#908V2V20J,38783
#P8V2UGQ8P,20013
#20P0GUP0QJ,14909
#2L9ULGVGLY,25439
#8CLJGJL0C,22077
#2JYPPVVLLR,13100
#2ULGJUJUL,4589
#2GQQL20VJV,25621
#20980Y8GU,27185
#LJGC0VR9L,16504
#2RC02UQ22V,13531
#R9CYQRGG0,31551
#2G2Y0VC80L,6600
#QU8Y9JCV,50243
#R9JU8UU2,28642
#YRUUVJP,36786
#9V9G8RU0Y,27825
#JR2JQ8VUJ,22510
#9LGPU8LVJ,43205
#LJG28JLR,47526
#Y9G0PYL8G,18028
#2LUPV9Q999,14224
#GRGP22U0G,23241
#8GUJJY8JY,61965
#QLU2JYLQ8,4295
#R20QGYYJ,29268
#2QGJRPRLYU,10782
#2C8QJ920U2,2691
#2Q9PLG0L98,20267
#2LY8Y2LLU2,6640
#RJPU8PY0,38222
#VYG0J8CL,82258
#8LVUPU999,21304
#GR9VUUV2L,43202
#JUPJ2C2JL,43182
#Q0PU8QGG,47259
#VPVVJRPY,56648
#2CG29LV98,25620
#PLPVGL9JQ,12074
#2R02LLCJ2,48147
#GCJV9J0YY,7645
#P2JLL0C0P,41469
#PJQC8JPYG,92083
#2LLPPVQGCR,28437
#2Y2QYPLJ9P,30647
#2QCCYYLCC,62325
#2QYP9QVU2,21215
#2RJ2VVCURG,9354
#P9PLUVLCV,2304
#PGG98JYYR,26653
#LRC0R0RYJ,44864
#20J8P2CYPC,32831
#2C9PCQLLCY,500
#2R8PLPY9UJ,13732
#GGUJQ9J0Y,40587
#2QPUYCRGLC,9014
#LQQLJRYJC,94217
#2J8VGV2RC,30166
#PYJCP0CVP,67117
#2L0RQY89CR,2570
#82UP9LQ92,45347
#GUPJ8YVCC,3583
#2QC0U0RGRL,24436
#2JP8LUJ2J0,13608
#2L0U892YCQ,14019
#2YUPCVV28,51276
#2Q802L2V8U,3054
#LQR9QR20P,42444
#GGGCGCJYJ,24508
#2Q0CPPULLC,28776
#289GQ8PL0,61110
#J9JRUPULV,41663
#GVUY2PG2G,40935
#2JLLPVCPPP,5736
#2R0PVQGGQP,9816
#L0R98LPUR,33583
#RP09Y2VQ8,33261
#2RCGV0P0YQ,10573
#LRGRVPCJ8,28265
#2LULLP9UV0,24140
#GPYVYQR9C,64786
#2LL998VU2P,8351
#2002C2GRQJ,23436
#8YL89PLCV,13855
#80YVU8LC8,60847
#2LQLU0LYGG,56094
#2JL9PRG99L,4894
#2QVY9VYG9J,30007
#Y08RUUQP,83270
#2YYLLJQCVU,20722
#LR2JQLPVL,52477
#2C2L9P99V9,4968
#JVCYJCP0,47595
#GR8GLG9UP,20537
#2JRPPY80LL,5645
#G0UC9VVP,40447
#2QG99YVJQQ,16691
#JGR98G2RR,19007
#20CLPU08P,54857
#2LUJUCJRYV,11295
#U2YL2UPYL,7647
#8P82PU99,16675
#L9UYU0U9V,16910
#RGR2G8YC,36534
#2RRG0CUYGG,23832
#2GUGLJUL08,21127
#2LGGU9R8LV,20287
#2PYLGY982,92926
#R9PU0JPVC,59108
#GJRQJL0VJ,20440
#2GPP9G99G0,11701
#9Q99UYJC,51605
#G088CCYQY,48803
#Q909CGPQ0,26304
#RQPPCYL8,36168
#2QLGYV8UYP,9905
#9LRP2PRQJ,34291
#2C2YY9PJ9J,9404
#9C2LJY20C,61564
#L999GYYP2,23228
#P0LU9VYUG,59099
#LJGQC8GCG,51617
#GG2UPGVYU,35753
#8C0YVLCU2,22005
#2RVYU2P8,20706
#2QJYJ000C,62951
#9980PJRUY,48718
#GVGJP9U92,35797
#JUURGJCG,28387
#RQ9PJJQ8U,22907
#VJJUV0RYQ,15429
#2GR9YL8PJL,33817
#VU8JJLG9,52931
#2LCV9GRQQ0,55074
#2CU0PU9C,45537
#98RYYPLCG,30991
#2RVGLGV9R,39313
#2L82JJUUU,12150
#2LC0VCP9YC,15262
#2Y9VYQYLPG,29242
#2QGU992809,13001
#9899Q2Q8P,11644
#2YGJRVCGC,38197
#R20CJYCPL,26611
#9CJVC09CC,64351
#228U8Q0LC,21527
#9CGUYY2L0,55963
#9PGV80YG,56623
#YCJGJGUGP,53130
#VLC988G,24151
#Q8YUGRG,56418
#JQJ8RJRUV,19152
#LJVYPGQ2R,38514
#QJY0P9PLY,49141
#2YPP9PPPP8,7441
#2RPQPCL8P9,31692
#2PYPJJQ2V,50645
#2JGPYCGG2V,7238
#JYQCCQGLJ,0
#2Q2P2CYC0L,6817
#Y28LR0VY,42833
#2G80P2QPY,27848
#JUC8LCG8C,20096
#98LY0PGU,31395
#PCRPVJPVU,21101
#2G80298VC9,22389
#JYUJ88UY,13701
#2QL00Q2P9,54595
#2L2VV0QPP,30228
#YL00VJLR2,52449
#2JGY88V80U,7108
#2YL20YV2QJ,13941
#2QRP8LQRGC,16616
#2R2VRLL9GY,4312
#VV2JY9YY0,21055
#28LJG8220,41412
#RLJ0L9V2U,17255
#2LPR2V92P2,34078
#2JU2JRVRPU,791
#2RUC2Y08RV,18059
#229Y9R99UJ,15520
#99LCYGLVY,48271
#GCPL2QJRU,51422
#2JP9RL08RC,10626
#2YQUUQJQ0V,38729
#YJJ0C20,24267
#2QYJQ0C9VU,15677
#9GQPVYPLG,45803
#2GUCRLUJVR,10248
#9LUU0LRYC,43780
#GGYLYYC9P,19091
#QG2C9GLCL,33142
#2V28PC0Q8,80019
#YU989PRJL,46330
#9PG02R0GU,59684
#2RGL0RJGVP,2332
#2QCVUUR9Y8,16371
#2QLCQ82PPC,29096
#8CU8C8UJ0,23309
#2GYLCRUG8L,22786
#2290V0YC9Q,11239
#RP2VQLUGP,10609
#2QJ0GVJCCV,20056
#2YY2GJV2JR,11338
#2LRGC0R9J,60272
#8JCYJJYPG,64306
#29Y2UL98P,58264
#2QURLGYJVJ,7943
#9G0R00V9L,43909
#2C8VCYRUPL,1599
#GUPLJ0RY8,30397
#2QLYJ2909,29357
#2J2JPGCRPR,5819
#JR8LJ8UJQ,27351
#2RRGVQ9L,93073
#8G0GY9L0Y,32891
#2Q9YGJCGUR,13292
#28JVGY00R,48915
#20C9U0UUG,98972
#2P0V9QC0V,55881
#2R8U8JY8RV,5186
#2J8GY809PL,9270
#GQY9LJ02U,20197
#YJ8LQLPGV,3507
#8899R9QJQ,92000
#8U9QU90P,53630
#2J99C9VRVJ,5001
#Y9GJYR8R0,31102
#2C92QJPQL9,5939
#2J8VGPYLQQ,8416
#9JCQ20PV,32524
#YGJCQYGVG,19383
#QYQCLJRVJ,19453
#GR0V9GPP9,58578
#GQPCYGLPC,9801
#20RLY88QVQ,34715
#GCLYUPV8L,12012
#2QUL9LGGUJ,29072
#2QG0C08LQG,48312
#C22UGY20,17746
#GJLYULCV8,7589
#2RPRUUUR0P,16816
#PPRPRYRYG,30379
#9VCLVVRJ2,3449
#8G08ULRQ8,53849
#2YURRJ9JRG,11850
#28J880PJR,16811
#8CPGP0YR9,37749
#GY0JP9GYV,28485
#L2P0J9CLC,26391
#2YUJGRC8RJ,32646
#8RQR0898R,33464
#2RPLUQ28LY,4189
#2QJLUR2QQV,14155
#9Q2VLLLJV,55655
#2QY8Q2RPQ9,24628
#2U0YJQQCV,23822
#YC2PC9RY,20232
#PUL8J9QCL,66364
#2JGCLJVYY2,7787
#2QJ0JCPUJJ,20976
#RUJYLQ8YQ,13870
#PV00PGGQL,29130
#8G29Y8982,75222
#GVCV2PQ2V,41734
#22JU9VR80,23403
#Q2L80CYC9,25711
#2PUCP20QC,28591
#2L9LVULVUR,2416
#2C2QLQ0JGC,7126
#2YP9JRPG0Y,28733
#2Q9PVG8U08,15453
#GUU8C2LYJ,21958
#LV8JQVQP,63117
#229VYCV9J,10401
#PVY0CU8RL,11829
#9UR92PYLC,95842
#2QPGCUJQ80,19097
#GQ2GRGJL0,45442
#99JCVJUPJ,12342
#G8R8RUQRJ,18350
#2LUYVJV0R2,87793
#2RPRCGPCQP,4809
#2C0VV9V9JY,7734
#2QVPV2GYRQ,18266
#28288R2V2V,17447
#QCJ2QG9UL,39344
#2JRLQCGVJJ,2480
#LV22GJUJR,70636
#Q90QJPCGY,21254
#URJRQ82JP,9854
#2QRYQJC82U,31224
#UPLVGU02,25998
#Q98GL9Q8L,37313
#2GULC2U9G,41628
#2RRGL8CRG0,10466
#99PJ2RLV8,12091
#P9G88JUYU,38687
#LPGC0LR98,54211
#8Y2VGUGUL,21809
#GLQQPLVCG,9544
#2CYQ9U2CPV,4604
#GVPV0UGQL,11516
#2RUL8P0VCJ,3717
#229282QUJ,3915
#2GJ8Y2LCQ8,15317
#9RYQC89V0,6829
#2RJQ9VGV8U,1474
#2RVVQQRG8C,6708
#VRUP0QP0,79569
#GJVPPUVQV,24542
#8L2VP8GJP,25439
#Y8RJG88C9,7217
#VV9CYJVR,41693
#2V2LL88VP,16713
#9R090JJ0V,31749
#YYLVR98QC,58367
#PL0GUGPU,35128
#2R9RRVJGYG,30525
#2RJQ9GPPP9,6527
#2JRYJ28V28,8424
#28UPPJGCVP,30246
#QQRCURV9,44550
#QYP0G9J9U,20257
#28LP0928Y,31953
#2QL8GYUVUP,18686
#2GRLJGYG0V,40364
#QG98GJQGJ,43402
#28GP2Q2LQP,11133
#JUUC2LR8L,20290
#29GCCJJ8,17389
#YRPVCJPPV,57053
#YVPP0LGU9,12095
#RP8GJ2YLP,26446
#2R02CL0PV8,956
#2LGLUGY9C8,1860
#YU2J2JL8U,21668
#Q880GPVPU,37312
#2L9RJPUCPV,32317
#8YUVQUR,13478
#2YYCV9J08,54525
#YPPP0U28Y,13837
#2Q002QP9CP,11773
#2GRCCL28JC,2952
#2J9GVYY8UG,4268
#L9CJ0C8U8,36172
#9RYYR9LC2,686
#PUJ9Q0Q8V,33374
#RPC08GGL2,28009
#2Q0CYCUJ0P,14085
#JCLUR22GR,6248
#2JCVQCRVG,31967
#2R20CQYUUV,6714
#2C0L22QC9V,1644
#2JJRJUR22P,2076
#PRCG8QPJG,37814
#PQC2990CL,8385
#2QRQRQUUUY,22421
#PUPJ98P0,61413
#2PCP2CCRPQ,56089
#888L8QG0R,52828
#2C2GRQVLYL,3699
#2RJV2JCRGL,33886
#Y0UL2UP82,62511
#G8RLYJJQP,22297
#R9928G00J,63381
#8LJJJPVLQ,27748
#2RV8JP8829,22505
#Y8ULJU2VU,37301
#J2C89UPP9,26166
#2QCQGLJLCG,20006
#L0CY028V8,10527
#80RJLJYV8,11797
#9GQYP2LLY,30468
#2QCQ8CUJ2J,9428
#2RU8802P29,4234
#P2JUP0LVJ,38258
#2LUPCGC,36183
#2LP0YVU8VV,42975
#82VUJC2RY,13236
#2Y9U9YQPJ9,6141
#8QLQC98RL,76358
#28YJU0CVUJ,42708
#80898RRQQ,28475
#2GL2Q9QVC,21377
#P9G82Q88L,30761
#8ULPYVVGL,20278
#V2RRGQVR,35737
#2RVVPLV9VJ,12244
#LC8GPVVRU,329
#2JG92J8G9G,4008
#2LVJYGJL9,21121
#PG29U90Y8,12275
#2J0C9V0Y2G,18939
#2QP2LGULG,6576
#2YVP8LVQ0,41615
#LCGG2Q2UL,3714
#2C2UCVJQRL,5703
#GQ0CUJCC8,10238
#2G0R9YCQJG,21780
#R8CCRL22Q,57701
#YG8R0GUVL,21550
#2JYUGYVUUY,5465
#JYVJP9U0Y,30262
#2999JLPP8,14544
#2229QYGGU,24837
#J9V8LC22,35102
#Q8U9LQJYC,40025
#V2200GY0,34127
#Y9CUJVVQG,66334
#2RRL0JJLUU,3506
#2RJV88PCUR,44844
#2R8U8JL0LG,18392
#28V8JCRUR,35324
#PYG9RP2C,53121
#2VJR8P08R,43687
#2LCJ2LLUYR,9110
#2LP0V0L2JQ,28012
#2QQCYR2RP0,11958
#229R2R2P2J,23543
#2VLJPL9QJ,47148
#2CCUG0CG,76706
#92UJ9L90Q,12379
#2LU0JLRPLC,30270
#RGC9RRRVP,15111
#2QR9C92JJY,24527
#PYJJ9RUR9,29810
#2G0PR20P2,82388
#QVC8P020Q,39336
#QYPYRU9U8,23332
#YYJG000,37103
#RUUQQVJC,11221
#GR8VG9JYV,48890
#2YP9PRVCGR,32621
#9VJU882PV,4994
#2LGYCGJPQQ,23521
#2C02CJRV98,3368
#G92UL2L80,24960
#R9C2PU0G,29540
#UVVCCLYL,48446
#C2VP2298,57231
#R0CC9PYVL,13646
#28PYR8YU2L,6266
#RJQUG0JCQ,26014
#2RLCR8UPV,29630
#L8YV2QRGY,12151
#G9CPCRG0L,20121
#9V2JR99RR,43416
#LUGJQQ28,11568
#GVUCYGUCR,25000
#LPRRC2800,53618
#UPGVUQYQ,53744
#9VVJCRYRC,90314
#RRURQRL8U,28951
#PCLJULLUL,43083
#PQQL0GGU8,20152
#2YVLLQUQQ,30388
#GVQC9UYRG,17393
#R88GLYCL,23404
#PV098G2L8,25371
#98JCLGL9P,17696
#V9JJ9YQY,88356
#2LYCGP8QVP,36396
#2LJ98ULPQP,23984
#YJVJLL8R,51617
#9VC00JPJV,9275
#PRYJQRL0R,50505
#2J0UPGJJP2,25449
#GCQ89VRJU,36008
#L0JVVR28Q,34434
#P90U8LQ9J,6217
#GGRPLC029,42934
#2PG0V0U2G,27658
#JCLR289L,23107
#2QL92YYC8C,11277
#2PR8VJQVL,31133
#J99C2YC82,24033
#90PPL8GC2,26758
#2GQYLGLJJR,9021
#L2CP898R0,52950
#8PP982P,19524
#88YYYCJRQ,19261
#2LG9R82CQ,13175
#2C2V2YV9GG,4839
#QGUYJYRJY,55418
#2LC2YG9P8V,24542
#2R80P8V02P,11683
#GPLLGR92C,27361
#YJUGV00Y9,20829
#8VUUR8JLG,30941
#Q229RRQYC,28102
#28RLLRP2J8,27655
#2YVVGV802G,26188
#9LQVCPU9V,43866
#2J22L2R9Y2,11580
#2J208PLPPY,6019
#2QCYGQYJJG,19041
#9P2V0J9Q,49437
#Y029RYQCQ,95966
#82YLYPQC,62560
#2QGUGYP22J,14197
#2LU2GURVU8,29228
#RQ2UPLU2R,18744
#28JP8YYGR,20187
#GJRYJRJVP,14262
#GLR0VYVG8,31542
#290880GYP0,24152
#2LRV090VP2,35836
#PCVG9GYRY,62876
#2RC28JQLYY,11399
#QVL8YU8R,78212
#2GC2YUYPJ9,18002
#2Y8P9V0RVP,9809
#20QYC00QPU,19393
#G2U8PY9U9,45288
#2RCCPGLC29,7096
#228J00JCY,11724
#PJ022VQGR,48381
#2J09C8JPYJ,7046
#GVURL8PVU,32309
#GYYVQJU2Y,28939
#2J0GL090CG,7185
#LCY0UYV0U,49215
#28G9CJQV2C,34859
#JUGC8G9P8,61411
#8PYPRR2GV,44772
#GGC082RJR,39692
#9CR2QYPYC,54522
#2LYJRLCJPP,16139
#G8CJRGRLL,40022
#PPU0UQVY9,96478
#8G09RJUG0,54878
#GPPCCLC22,39774
#RLP8RUV9C,23446
#20GJRL92V,14090
#GRPCY0VCU,40515
#2J2CULG08U,16511
#2RJ9V8RLVY,5918
#2P80LYCY,30338
#2J8R088G80,9326
#228P2QRYQG,22384
#29GJ0CVP,40308
#2QQ8Y08P8Y,8504
#9J82J8GG0,994
#R0GQCPG9C,46541
#R9CPUL0Y9,18006
#2GPG0CR8QR,28014
#9G2829QR0,52514
#2GRC2QLG0,72418
#J2CL2QV2,31750
#Y8RJJRG8,89672
#2GGLURPGC,62444
#2J0G0U9P8P,15872
#PGQ9PJ92,13673
#QGU092V9V,41309
#2GVR8VVGC,36855
#28RJVRP0PL,13582
#Q2RUGUJ08,36606
#20YY2UY8J0,8180
#2LGCCY8CGP,53945
#9J2QCC020,35362
#LRPVL0208,29858
#2J89GR982J,14250
#YP09QLURJ,54190
#2JLRLGYRC8,1647
#2LUCL2PP0C,5692
#LVLCG8PGP,56777
#V9QJYUP9,45685
#2G9PGCPV0C,17565
#2QQVLLJC88,8767
#2QL9ULPUQY,50304
#92YYQ89V9,47654
#8GG2UPVJ2,25432
#2J8YRU2VR2,17997
#V2UGLR2Y,74192
#YQVQPRUYP,11577
#8YJPG2U8P,23893
#2C8VV992LP,3626
#2QGGR2CRLP,9834
#2RLVJC8R2P,21367
#YYP9P0J0L,52787
#2QUVJVYL2,30011
#2J8G0YQVUV,10887
#2Q89RCQL29,35723
#JLC9RG2CJ,37454
#2RQLPYUULV,7327
#9VVU82LQQ,25889
#2C2JCVGJ9C,6660
#PJRJPVRC8,47071
#8QJ8UJ0LJ,41157
#QYLLRJJLJ,20429
#YY8JQ9UJQ,39615
#PY0YJC898,3374
#2JLR09G9CQ,2010
#2JP9LL8G2Q,2176
#2L9RQVQVLQ,26906
#9QQCJJLVJ,54240
#8VGVRC9LC,27871
#29892JGLQL,30277
#9Q9PR82JV,11080
#J8C22JG0,7994
#Q9C8G2QGV,28473
#2GLUPJ00,42568
#8JVU0RGV9,27817
#2808V9PYL2,59793
#GGYUJVPPR,24314
#PGJR2Y8V,94321
#2RU8QJL0R9,16798
#228VGPP9L,21986
#208Y2Q029,51470
#88QQVQRQ8,53852
#29G8UVQL2,46226
#2GQ8VUGP99,7013
#YVGUQQQPG,36711
#2QU2VC9C8J,38102
#8U9P9PGJU,5412
#2Q88VR8J2,58677
#JUGUY9R9U,17282
#2GVG2LPVRC,23331
#Q9LGLUJ9,58157
#2YLQU00C,87403
#2RCP02LVP0,19083
#GUYPP0P08,31769
#8UCGYYGYU,36666
#UQQQUVP2,5902
#90R8QGJ9J,45041
#P8PU9R8YJ,43059
#Q028YPLYR,24859
#2J2VRCPLPG,9502
#2G2PLGPY8Y,20540
#RJGQVUVR9,22393
#GCG8VCV8G,41007
#28QGL2G8R,51537
#2YGPUGGQY,36657
#G9VPL9J,38586
#2QRQCJVP2J,8910
#GGRQJJCGP,51556
#YRC9J00JC,19562
#2C88U2QY92,6414
#22G2U8Q2U,37944
#YJ982PR9,44482
#URPV2229,27442
#22P9JGYUU,43405
#80U8G9QY9,8354
#808GQ0YPY,53386
#2JV8V92QGP,3729
#GQ0QYQJGJ,43884
#QRUQYYVRG,2898
#R9L0JCQ8U,26202
#LVRR0288V,79853
#R9RCC8VCG,44904
#2C808RJGLV,1547
#928R0VCLG,93529
#CJPVLU9Q,34705
#2JP98Q02YL,9844
#2QGJP0VGCR,54673
#LLQ80VJJ0,13180
#RLLCGJ8VQ,35365
#2QGUQLUUVG,9072
#2JPYR9YU00,13843
#2CVV02YL0,64939
#80GUVV98U,65058
#2L82LUL8L,55502
#Y8CRPR0VQ,4206
#2R9L8U90LY,16662
#R9QG90VCR,37776
#888GJGYYV,46210
#2GR0J8PGUV,16346
#LYR80Q9P9,20539
#R0GRQR9,82882
#PL2G2YRYQ,68411
#GUJP8GR2,28889
#QJYY8LYR,58014
#22GVGQVCJ,19818
#8RCUPPJ,41275
#QP2JPPV08,35746
#PRCRGC80Q,25576
#2GRJJ9YPQJ,13906
#8P0P9QU2U,48905
#CJ0YVLVV,49987
#QYPPLQUQU,136
#QJLJ0JGG2,10716
#U09YYGY0Q,75600
#9J229PLP2,55789
#2RGULJ98RU,9220
#YRC2RYQQV,10253
#GR988R2UP,62759
#2GGRRPJ0R2,1959
#LLV0VPP09,25646
#YQURYGGGU,73592
#QP08GUJRU,31298
#YV9VGQJPV,3168
#2GLL0P8Y0V,15868
#2J2CQ8082Q,7567
#YY9PVQGY8,43199
#2RCLYC2902,10059
#2J0UQL220J,4290
#2YVLJUCLG,49785
#2RGYQQL28,26890
#JV2C0JJ9,30992
#P2Y892C9Y,43281
#YQYP9YPP,74435
#Y2RG9QGY,21327
#28U2UGY09P,24064
#GQ9QLRJ98,16813
#2YQ980G902,36579
#2Q9YL0LPCC,27718
#GC88YQJY9,6970
#U2UJUJG2,63352
#QQV0YJ8Y2,19613
#2LLYQPRY82,11308
#RQ992J28Q,56552
#2LUQR8LR8Y,37493
#2RC2VLJJUG,10548
#2L8Y8YQ88R,35505
#2QQRLUQJCJ,11583
#UJYYG2YQ,32238
#CV00G0RC,74799
#PP8GJPQUJ,32723
#LC9C9P08L,17524
#2QQVJRJ9GC,37614
#2RVVP0RRGJ,8056
#2J28VP2PUL,4536
#RVU8LGYQ,44399
#9UC0RPJ9P,38381
#CQ0JVL0U0,7035
#VCGPGQPQR,21356
#22L8GLGL8,26127
#8YV02VCQU,58812
#YR0VPGVP9,36456
#2LVPCYJRJP,16329
#JQY9CP8JY,47568
#2J80RLYP8R,11656
#RLQ9LLJY8,16522
#2G0ULR8CLJ,10345
#2R8G2YQ0Y,59377
#2LQVRGR2,39935
#2CY0LCUR2Y,6792
#P00YULJ02,57075
#2Y8289VRJG,16561
#2C9202RL8,12513
#88QPGCJUR,37012
#LPGCV8JJ9,20329
#2GJGY0RVYY,5791
#2JJCQUQU9J,5972
#9UG9Y92P0,12644
#JU8QPRQLL,17147
#GCP0LYCC,18844
#8020YU9RJ,65541
#Q8VLQQ00U,20837
#2LGJUQGJ,85148
#2LRGLQRJUC,10923
#292P882QV,57790
#98Y2U2PQL,61392
#Y9Y8RVL2V,55364
#9VVPGLY9C,34057
#2QCY2P0LCL,26662
#2RYQPRUU,65021
#P2UGPPRGV,58272
#L8LQVP9GQ,25693
#LCGLPYRCL,39953
#2QQRL2GU80,1946
#GV2P9Y8GJ,27474
#V8V99VUQQ,7090
#L022R0VLR,65307
#YLUJC8G8,17716
#GULPVPPYP,45460
#82YYC8202,65468
#2QLQGGYP8Q,30109
#2JCYPPLVY0,2018
#22PG09P29U,32369
#2LJRPGGJQL,21406
#JLJU9CGV,53716
#GLYYRVGL,41039
#J80JY0Y8,20830
#2LC82V9VP2,17251
#PYR9V90V2,39965
#GUCCJVJ0,21947
#Y9UR8U2R,54917
#2JJ9PUCLJ8,9596
#GVPGQRJ09,45080
#PCPQUJ0U,55080
#2YU89V929Q,15065
#8QQRJVCGU,56300
#2C8CC80GQ2,3995
#82J02PV82,32274
#28CCP908J9,5565
#9VV98V2GV,25877
#89JLUGLUG,40351
#V0J2GV8YY,5165
#2J2R0CC89J,6806
#8QYGG8Q02,37257
#2LY8UGJUUQ,9887
#9PCP2YCVC,86817
#Q89ULY20Q,20557
#2RGGPU9L2J,8446
#GJPG99898,37720
#R8PCRJCPP,23866
#2J99VVLVLJ,11207
#2GLG2JJQ0Q,5255
#2GVRLY2CJV,2080
#PRCQJRVJR,27624
#2J28J9YVCQ,5307
#PGPLGL9,46629
#2C2V9JCG0R,5978
#8CRR2UPCU,63506
#J9V08998,60585
#2GPRJUQRU,67048
#GP2QY92GU,33756
#8VPCVPP8L,40144
#U0UP2RUC,52105
#2LQ0JVCR8U,26745
#28LP8QYVPU,16882
#JP2QYP2P,92832
#2QURC9PCVL,20984
#2LY8L8VYRC,30925
#28089YP20G,42213
#28YC0R280Y,14229
#GQJP2Q0RP,27010
#2JLP2QU2YC,18375
#2QQQ2QJ2J2,19106
#2VVLJRUVP,36553
#UJCV0PR,59024
#2JJ0Q882J2,3080
#JG2JC2L80,23021
#90LYGYLG8,57008
#8P8UQRJR2,52294
#2J2R8JGVY0,2111
#2YV8820G92,6606
#9YCVUJVJJ,22306
#QV9RUR88Y,17251
#2CJ800JCP,47379
#90U80L2P8,73658
#8CGGULPQJ,31106
#YV8PP2ULG,18429
#JQGG8PYL,26641
#YVLYVYJCC,10718
#9JQPJQJJ0,79585
#Q9QVV82LG,38127
#9L299UYR8,35813
#JUL2GGRR0,23730
#J9880U9R,50517
#2QYJ2RL0LQ,33686
#2Q99CPPJG8,34106
#YQL8CQG,33061
#P8GV2QGQC,32424
#22JYUPLGR,40049
#22RC80Y9,5698
#2GLQPQP0RJ,15467
#GGGVCYC0L,29754
#2G2CVLC2LL,38679
#GUQYYCL8G,20097
#C20QCQC0,61494
#2RCJ22RQPP,14080
#8P0VQJ2PG,28032
#228JGGY9R,28652
#GRR2YGGPJ,12423
#2UCG9RL9,10927
#RRPPP2V2U,67469
#Y9Y9UCR9P,71392
#JJRQLJV9Q,32098
#9C8UP2C9C,16515
#GRRLJVP08,46081
#2R0LPRLCVY,26570
#YJ09L2U9Q,98907
#2CPYP99JPJ,3655
#82202PVGR,7389
#LURCCYY2J,15002
#2829VUPCJ,52137
#YURUU0C2Q,14941
#P890PYVGJ,65377
#2GVYU0U08G,1812
#2GJVJPJCPP,12152
#2LVU99JVJU,57192
#RUJUJLV9Y,34053
#Q8QV22V9J,24511
#GGUGGC0C2,11820
#8PJ0Q2U99,25994
#9YU2Y9LCC,64750
#PLRJV02GQ,9334
#9PVP880UR,36704
#2RJJU0Y0GP,7418
#U2YVUQ08G,12615
#PP2LU2Y9U,58873
#9LUGJRJPG,14238
#8C92CPRGC,83659
#28R02CCP20,32862
#YLQPUGVL2,37541
#2RQGGLY9PP,8255
#9P200V2U0,40331
#Y9CRYL2JG,51865
#2R002V9U2L,25132
#9GVC9GLCP,16712
#2JR88C8RP,28901
#2J9YPCUQ92,2479
#2J22V2RQ0Y,12665
#889PUUGPR,5125
#V9UUPG9VP,10650
#2JUQYLYJLR,6503
#9J2LVLGPG,12391
#RGJ08C9P0,20846
#GL8LPQ8GJ,31350
#LL2JJ88QU,49003
#2YYYP80QL0,21561
#9R89U9YU2,65441
#2JL92PRVV8,5327
#9UJP22VPV,11021
#LPYV8P2CQ,26087
#RQJ0GUY22,43903
#8RQQYVQUQ,38496
#2Q8GQCUYVU,6187
#2QJYVVVRLC,15028
#9GUGGQGQC,11509
#80RV2UQLQ,77126
#LL2GV9R8,43599
#R9CJLCUJV,15729
#2JPLLGQUJ8,17605
#2RUJCCLY89,18992
#9VUP2QR82,44654
#2GUUJG8GPL,13363
#2QL09VVCQ,60369
#R8QGPYRC8,11022
#28QY008J98,42335
#PG8LYYYRC,32425
#YJUQR92R2,40266
#2J9YRV9PQQ,7509
#2Q9UVPGGR,23000
#8QY9LCPY8,22181
#2PVGJCU0R,4186
#RPU9R0UU8,6516
#2C8YLU8RGU,6203
#28GRQL02J2,25412
#2JP988RQCP,2916
#2V00V0CYY,56037
#2R00VQYCY8,16116
#9VJUQYRUY,19203
#QJL9UQ8JP,17102
#220QGJ2CRY,9012
#2YQGQC08P2,20218
#2R2GCRLLG2,1701
#QCJ00R9J,25193
#RUJQ9YC,35527
#2RCQ92YRJG,2439
#Q98PQV8YY,40585
#9VG2YLCUY,31296
#2RLVGUVQLR,3707
#PCY9PYJ9V,77651
#PQ9VR8U9J,58641
#QRLLGYQLQ,55819
#2LULPUCPLG,12064
#2LC0JLCPGL,27035
#JL8L8JYQ,16180
#QRPJRLR2R,12201
#2JLQP2QUR2,24455
#2L2LYP2CL,20774
#VRCYCVGG,13118
#LVRQYU0YY,20081
#2J98VG0JRP,9073
#280RCR9YCQ,13436
#8Y8U8RQJ8,58721
#QJRR29PC8,3634
#RY9VYYRCU,31607
#PQCCRU8QQ,52932
#GJQCV9PC8,38020
#PUQGC088P,41916
#GRLCC0QLG,15637
#8UVCR0VCQ,41432
#VQ899YVV2,47505
#YY9JU8Y08,48192
#82998Q8U,94118
#2GPU98YUJ9,8806
#2JCUJ8PCQ9,3785
#JUUC9GC0R,97943
#L9R9JVCYP,79454
#2PJL2YCY2,43822
#YY88UR9VU,51048
#2LCJ2LVVGU,2928
#9JGRUP82P,11278
#2JP8V822CQ,3444
#PCC290PUV,57606
#8UQU02LG9,34672
#2GLJJC8L2P,20612
#2R0LRVUVPU,17253
#PCCVPJJQ9,65829
#2GVQRLQ2VU,1264
#LPUVR9V09,31094
#J8VL982C,22314
#RY8JP8L09,32590
#8JGRPRPLL,66646
#V9C0CU8L,24077
#P0RU20YLG,35421
#GGRJ9J89Y,93413
#LQYVRCPU,24386
#R2U9P899,44087
#2JUQVJYJ0L,6530
#2QJVCQQ898,24220
#2JU29QPQGV,1898
#2Y2CL898VY,28846
#GGJ88LU9V,52648
#R9QV0LR99,1068
#2L9UUQPPVL,35955
#9Y80RRY8G,39574
#Q9P29RLG8,63355
#JGG9L89LY,18844
#2JLRCQ9VCR,16275
#LCUY2G92G,11292
#LRYRLC2QQ,74841
#GL2GJ9P02,78809
#28R0UQLGG,41318
#GYR2CJGLV,39685
#GRQV08CJ0,12720
#2GC9CC0YCP,24187
#2L88Q8PYJ0,41561
#YU9RJPR2L,37228
#GYUVRYCJU,19281
#QUPG8VVU0,44108
#9QCC8V9LC,62132
#9CGU0RUG0,34896
#RG28PULJP,43738
#2UGPRRQ8Q,36353
#Q9QYYLPV8,11599
#YPJ0PRY20,17043
#GRR8YG0GJ,30484
#P0UUV2Y9P,44728
#29G8LJG29C,71815
#2QLCQRGR08,17201
#20U8GL0YLJ,31057
#RVYUGP0Q2,38138
#VJ0YG9YP8,18277
#LPR2208YU,60384
#RLGQC8CQQ,13961
#GP02L9VVC,59091
#JC9UJYV2G,6151
#UGRQRPPV,5805
#2Q9992GLVJ,18709
#2YUU2UJYG0,31198
#YGVYJ2V2J,79326
#2CLLQVU29R,5500
#GYRCJPJGR,54314
#2JGGLPUV00,8853
#P00928UUV,25945
#828QCPPYQ,16176
#2JC0GQVLP2,2491
#GUL9GG9LQ,35540
#2JU8CQ8P,42463
#LCGLGJL0U,14316
#PV9R8VVGG,94458
#L8URRLU2U,31807
#2UJGGCV8R,41381
#LGP2GYY9J,35900
#2RJU9PPVQ0,16720
#2RUVQ9LJGJ,9113
#G02GYUUU8,19810
#LL22VRC,18607
#8QLCRUVPL,47657
#8RUQR08YQ,40419
#8VVQL0CU,34142
#YP809QU89,30974
#2JLRJLVJCV,6091
#2C0P9QQUVV,1592
#8GCCJ9YY,43399
#2CYJUVL2CR,3319
#GC8JU228Y,32791
#8VQRU29,91369
#G282QVVGC,42811
#2LUVPCGQQ,43207
#GCYQPULV,53890
#9VVP080QQ,410
#GPPR0YPJ8,7968
#Y9LUY299L,39871
#PYRYP0CPV,41518
#QC8VJ292R,16087
#2R29YYGRQC,18198
#2YGVJ9GJG2,18156
#RRY2RVGQ0,47630
#2R9QYRCLYJ,12485
#QJ8R8RP0Q,9722
#89L8P8GGU,47991
#9J2VR09RL,59935
#2QR9UV88RR,7838
#22Y2P9Y99,30430
#Y9UUV9V8V,15802
#2RR2JCYVLR,23865
#UGYGYQY9,37848
#YGCQ8PP82,12263
#PG0RRRYL0,6295
#2C22820Q82,726
#2J00Q08VGV,1545
#2RJGYU9L98,11582
#U0LPPJ9LG,11657
#J8QUPL9L,51115
#82JY2U8,35084
#YVL8LLPJR,4727
#J8LL8VGV,82336
#2URLQ8CYJ,30708
#28YJL2G2PY,38177
#2JV2GLJCLU,3924
#RGP0C09J,39577
#YPVYQYRGG,53961
#8Q29V8Q0C,47143
#U8QR8CGYP,25903
#28J0QCUGG9,42276
#2JLR9GCL8,37516
#QGVUCVVL9,7717
#LL22UC8VR,25377
#2U80LUC8V,11030
#2Y2QJGQQG,92129
#J8C0C90GQ,31000
#LPLL9VUJJ,20107
#GV2CPJUP,25519
#2U2V8L8,37566
#PJLRPUU2,49359
#PR0VGGQJV,49426
#2J82Y9JCU9,19143
#C0LYR9PG,34802
#YVU9G8QJG,15370
#QUCP8QVVR,14787
#Q02Y098VV,8774
#VPJGJQUV,62701
#2UCRCL99Q,25147
#2JYP8LPC2G,12126
#2GV80PULCL,17189
#PQ2ULPY2,47442
#YQRCPQYCP,51947
#2QG8YQQPUL,33918
#2LRPRQQG80,21169
#2CPPPPYUGJ,3112
#2YL0UV2YPP,24744
#2980C08LQL,26204
#2RRUP0QJQG,22143
#J0CVQ8L,55412
#YU8UJJJRU,35559
#YU9GGGV2G,39347
#89QCLRU98,50498
#Q89CP0PLL,19617
#8QJV8J0QY,18315
#L2GVQL0LU,69418
#VCR2Y0P8,43772
#2CJCLPYLL,73946
#8LCUL0Q28,15105
#2JPYQ9LG0,10589
#PJLP2PQV2,73004
#YJP9VUG,8187
#L2CRRUCYJ,23537
#2RJ0VUGP8J,34584
#988V0RL2Q,78237
#P8U8V8G,39185
#2QP9U0LC0Q,8694
#GGYP0RUCL,71779
#2C89V98U8R,1125
#GQUJQYPVQ,45643
#29YCCGU,67589
#Y9JQPQL00,38164
#2G0PRVQYU,21678
#9JCQQQCYG,72328
#2QYVLY2JQ2,18004
#28JQ9JQV2G,63074
#28G2LC2RP9,66909
#228G89YP,42396
#90PCJQPUR,6875
#2Q8PPP92Q,15206
#QCJ8C222U,31994
#YL2QCGU00,36075
#CV2J082QQ,25137
#2U0PU8YJU,12422
#2GU222YJ0,51712
#8CVJRLPG,23273
#GRUPP2P0P,56039
#JL2Y00YC,30045
#80PRPYRG8,7348
#QJP00UGPG,29305
#2JPLYYJCPG,6749
#282CVRUU2,80457
#VJC9QJR9,90099
#Y88PYP8YC,22909
#YJ898GRC,93852
#2LGJLLG2QL,24992
#2PVP9P0PR,49536
#8GU9CRU29,41932
#2G8Q92C8P,49531
#2YV2CJLJ2P,30535
#VYUC22JR,45778
#UPG2VR8LJ,38243
#RU98GQ00L,14717
#2R0VCJ990U,21111
#YUJYRC0VR,90420
#8CJC2LRY,87565
#PL2U09JGQ,18010
#PCQRQ8G,92642
#PLRP9P0P9,87992
#CGGC9UL0Y,30350
#QPUUGLPCC,61524
#JUCUQC0GY,41245
#2UPQ0LVU0,34036
#PRJQ0Y2RU,22287
#2QJ0VUCR88,6955
#P2YVV89L9,43560
#YLUGYGYJ,33829
#888QY02YC,27181
#200YGQQVR,53346
#R2Y0L0LYG,22753
#2RYGGJUU8C,12558
#2YVPP9QLYQ,21631
#ULPRLRPY,35888
#2GPQJ0V08U,16031
#P2LJQJQYQ,51595
#8V8G028VU,43937
#RPVQRC2QV,13185
#9VR808QVQ,39801
#8JYLJ0QJL,21506
#2V0UGQ80G,42008
#LY88QJGJ8,23454
#GJ882P220,32535
#2QCYUJUC2V,24647
#VYY8CGV8,41176
#9U9V0P0,84248
#2QP9G202GL,7454
#2QYGP2CV89,21160
#9L9QPUPP8,60075
#9UP8V8LQJ,100667
#2JLQLL8YQ0,8359
#8VQ0C2RGY,37806
#2QRJ08G8CU,15497
#2QLYC90L,42679
#9PVJVV8LJ,73108
#LLLL0Y22,78645
#2G8P0PRY0,29758
#CR89GYVJ,33724
#RQ8009J9R,24424
#P80P2GCL2,45896
#22V8LUY2,40028
#PP9YVVQQ2,82278
#PCU8R00Y2,33698
#9PUGCGUQY,26702
#228UPCJUV,53023
#2LGC9888RU,44161
#2QLRJQRJG,39005
#LLCUJYG,32644
#2L92L8YJV9,6580
#22YJRVPPLV,32380
#2CQL9VP09,56247
#GUUL9V2G,41446
#PCJQLJ8P,51222
#RU8VL88C,38011
#PRRJ22CYR,35545
#L0002UC02,91620
#JRGCGC80P,37626
#22RQ0QC2,50422
#2QURYJU08V,34617
#2RUR0JCLUP,16794
#YCLLC0L,57451
#LYJRRQC9G,34751
#2CVCY8Y2R,41403
#8RCPVLYL9,54228
#Q22UYGL90,11421
#2RGU0RUJ9R,9780
#2QLGQG20VU,9196
#2G2JV8G8P9,25808
#2R2JUYVPJ,4380
#YQPL8UULV,31332
#2R2UVVRCRJ,15159
#GU00RVJR9,30048
#QV0C209J8,18469
#899YU2V20,27991
#9GVYGQ8YV,47769
#YPYY8P2CQ,37130
#2UC80JU8R,78067
#2G9PVYQCLJ,4749
#LLRUYVGJ0,64908
#CVPCGVQ0,36109
#2GJQ0V8V8C,14354
#Q2P0YL29U,40506
#QUR0JPLU8,41353
#82J89URU,66622
#LRJ2QQJU,42436
#LURYPP0PR,50765
#2G2YQR0RY,14165
#2LVV00RUUC,37683
#2LVLLVPJGJ,10341
#Q8QJ0CQYG,65253
#2U9PQV02P,51558
#2YRPLQ9J0R,26240
#PPLUVGUPG,23317
#JP02G8VPG,27003
#VRQCQCY08,30536
#RJ98VLC0L,42637
#2YPCVU08U8,21273
#R2VL0UQ2,34609
#20Y9VG9YQ,27568
#GGQVPYCV0,36905
#2QR8JUYY98,39335
#QPUUQUUY9,36542
#L2RGVQQ2Q,55023
#VYG29R8R,43483
#GRRCVGV9,26117
#P29L29YR2,50403
#PRP9JQLCR,58531
#P2LLQL8RJ,31700
#U0CRRVPG9,3785
#2GVCRJG828,11249
#2Q2G9VJ9JC,34264
#280YV8RRQ,16614
#LVJ9GYU8V,13443
#28PVPRCJ8,61298
#2LUPVVGJQV,16198
#9YVJJV9YJ,113278
#2YQLLU9PQ,84347
#U2CYGR9L,60099
#RV82J8VC,34686
#JL8R8J8J,45746
#28P2L8C9P9,30871
#LRJRQVYJV,38497
#GLV0RVJY0,32682
#28U2LLC22,85855
#P02QCJGUC,29343
#PRLVCQR0Q,27120
#9828RRVY,15982
#2LUV2QGPU9,23554
#2PUP2C0VJ2,35025
#GR90JQ2QU,39392
#22VG999UY,50007
#2YUR0VLRVC,2555
#JJV9GVYRY,23538
#2LLC0UQ2VU,36707
#UPPQR0Q09,25740
#2LU2QU0CR2,7540
#GYRYJVR2P,28731
#QY2LPGJ,40122
#9J828UQJ0,51743
#2QV8VPJRLQ,7576
#2GJC89LLG9,10003
#VLPC9R20V,19443
#2QGCJ0LG8L,11858
#9CGQJCY2R,92186
#YCPRVGV9V,34551
#P8UYQPVQ0,51604
#2Q0QC8VRYR,22370
#2RUPVYP0RL,14115
#9RUYJYR88,36107
#2LCJQ2GJQR,4347
#9Y98LJUYJ,118184
#8C028RR98,74420
#LRVRV9P0,48968
#2GQCRCU0U0,14604
#20VQJV88Y,89800
#2QU2CP8Q2R,31146
#2RJ0J0QPPJ,10170
#LQRJQRCP8,61058
#2UY9YC9UP,54699
#2QGVJVQYL8,13322
#LCQP9LCL9,56863
#R8YY0V8RC,10598
#8P8J9LP9V,34109
#R9C82JL9R,17736
#299JG2J9U,28856
#9VU8RUVU2,51777
#LJL0RLGJG,47047
#2JJVRLJGPC,2563
#20R9G2Y09R,16574
#JQV8PPQ2U,71244
#YLQJ9JC,36546
#LP289G8C9,35498
#2YYG9JYQQ9,2180
#209CQYL,37894
#8G80998UP,42997
#2JLRG890JY,2965
#8QJYGC2Y,87927
#9YQ0VVC9C,51285
#9YRL2GG99,45237
#R9GUVYVV9,18644
#Y9UUV09Q,43101
#8VYP29G,29895
#8LQCYRP8,31345
#2RL9GYYGR,54261
#2JV2RPCG9R,3084
#PUCCJYVGV,52400
#8U0Q99GGL,28595
#QC9L2YLY9,28090
#2J8VP90QUV,14687
#RYJCCP9JV,24001
#CJQCQLU2,37109
#C9Q9V2LR,57448
#2C22PR02RL,1881
#P80R9U2C9,45705
#PGQCL92QU,24326
#C9QJY200G,12726
#2GGL0R8QP8,4264
#2JC09RJ099,5262
#2G02Q2RG0Y,14422
#2GGJUJ88QR,20874
#U0RRQRQUL,45644
#PY28LQ08Y,98504
#9QL0YVGYR,44276
#2J0GRCVLJU,15369
#L9PQLLCY8,40145
#RQY8U9L0V,18992
#RGQCL92LY,42318
#Y9VJQRPRV,50717
#2Q88LCYCCP,15900
#2GR9R8LQ9L,12431
#GGRGR9CCL,9267
#9CPUYLQ22,74676
#2JV2CC9QQV,1136
#2Y2YRYC2G8,19205
#PPRQVCUVQ,68705
#R0CJYCPPL,24176
#22RR0LV8P,94510
#8PU0QC2P,57012
#L29YLRYV0,18598
#2CP22GGPJG,1964
#2P09ULVLGV,41902
#2PC0LVRVP,59310
#9L8YPGCVU,15946
#QLGGYVJVU,18055
#P0P9Q2U8Q,19343
#P8VVJ0UJG,93617
#YCJV22LLP,28524
#9URV0JYQJ,93925
#GJ022RURY,22986
#GPJJYC9YL,22888
#9G2RGVV2V,48098
#Y2QPGG,48988
#PRRJCGP09,77241
#GYGY9YPQ8,18000
#GQRP2YLC0,19515
#2QQQJLYCUG,4232
#RVGP8GGQ,91434
#20V8QCQYQ,41299
#28LQ8JRP8,25412
#PLQ2CJC8C,53139
#2LCLQ29PCJ,32784
#2JLCPQQ0YV,12042
#2CP29CRLQ8,3901
#8QJ80PVGC,33458
#YP9PVLUC,23698
#YGQQVVUL,53384
#2LCPY99QGP,6438
#8PRPPVGCC,14965
#LY8J8Q8UP,23518
#9RV92LGJ,47534
#QQ28G9Y8P,33995
#9R09080GJ,48897
#89P8UGYG9,87061
#R2CRUR8PY,34423
#2QGYJ828UP,13241
#28UCGPQUY,59236
#2QU9PQ2C9U,10378
#8GVJGLU2R,99026
#2JP88CPP9L,12244
#Y8LR8Q2VU,40258
#2QCLYP2L28,26594
#PQRGU09YC,72264
#RC09LCUR9,33337
#UYGV9QQJR,41625
#228P2U92RP,12011
#2GGVQLJPJ,62755
#2YV08CJR2J,22504
#QPRUVJLUY,25804
#YPLURL2QP,39441
#2RP9LCJP2V,12699
#Y0GVURQ8U,34320
#29VYYC2L,19197
#QPP08Y0YG,75036
#2RCRLC2CY0,1919
#29QV0C9P9,56354
#220RRPRYL,48394
#2L2Y2LQY9U,15371
#8PQ0UQQ,51918
#GR908R8VP,33096
#UG2CQ0QC,52288
#8VPQ2VR98,41655
#92CRQPUGL,71893
#QP92UJC0,64739
#2RPQUVLVC,34582
#PQLJL9PU8,95277
#2JRU8V2JU2,4239
#PP8LP9VP,61740
#2RGJLLQQR9,9689
#P8GY2QQ99,48790
#8QRYUP2JU,25825
#GUQ90L0Q9,15039
#8C0GVPCQJ,35870
#2QJGYQQVPU,20653
#YYC089VJ9,65057
#2V0CRQPYU,33752
#RCJ02LV8,61218
#LLRGQRQGU,56144
#PR8GR00V,18687
#2J9GQCQJ9,47617
#R2Q09UR29,40520
#2G9J82280Y,4362
#V08R8GCG,22781
#2LJY8PCUV,21108
#JRY8QLU9,53555
#RGL09LJQ,24878
#RYG98JVUC,36236
#PVV0L0280,100000
#2Q8YPCP9QL,2988
#2RJYQ80QP8,6456
#GQQLC0LYV,96627
#28PCLP098,37216
#2J0CQCYYC,48655
#GRYLQV90P,33578
#2QLUVGGVRL,10515
#22RYC9CCG,57743
#290GP929Q8,36380
#VCCCGGJYQ,24637
#2CCQ22UVR,9493
#2LPQP2CJ98,37647
#GV88UU28,39118
#R829YPY8,57456
#LV9JRR8RG,21626
#PLUG2R9PP,67598
#JYL2QUPG,40187
#9VL9R2CP,53676
#92VJUPY8R,2034
#2R020GYJ0P,23429
#2RC9P2PVQR,11118
#2QLV9RV2RL,24199
#LG0JQJUG8,43238
#J0V0JGQ88,23163
#PCLRYV2VL,46723
#9GVCYR929,19876
#82YQ0LLJ,44307
#C2QQGJLU,25273
#RLJPY28RQ,37136
#2J99LJ22GL,8952
#2C2UC0GRYL,4304
#PPRYCLC00,25486
#CC9LUCLPV,17450
#2YU2CU9U89,37927
#QR08PUY8J,26485
#8L2RVGCP,93395
#8GLRVGVC,55604
#VQLR9RP,43971
#2JP2R908PL,1349
#YL0JYUU8P,35085
#GUU8PPP8G,18172
#2PC0JVRR2,46178
#2JURCPPQV9,3372
#20VVUCJ8C,14667
#JQRPYU8LJ,28294
#GQUU8UP9U,36392
#QLJUURQR9,9898
#VGVUVJQY,62200
#PJPQU8GL,92592
#Y2GG0JRR8,84978
#LQJ8Y8UYV,64749
#CRR8RL9Q,76321
#U9CJQCUJ8,12455
#2R98LRVYP,28849
#2LY9U92C09,1459
#2JJ2P9V229,699
#GQ9JVUC9Y,43459
#Y9VQP2P2C,55641
#2LLPQYP898,20007
#R8C9LY2P,25883
#2RU8R2V2GQ,20611
#2QCRJQ2RQ,25195
#LV9RYC890,32012
#QG8PRYUUC,26928
#R0UCLP0Q,57441
#2QYGLLCJQQ,20927
#2GU2LGVPUG,16291
#9Y09GLV8U,10600
#9Y8JYGVYU,55416
#GRR9QUC9G,36718
#8PP2PRPQ2,84006
#GQG09GGGU,47221
#8P9PG00PV,50023
#Q9UVQJ2VL,28360
#2CQVG99QJ,25910
#2RC82VL00Q,16502
#2LUV08RQ8,56183
#2C2RPRCYRC,4929
#JJ0QCU80R,20933
#9JC09YPGL,63795
#8QR828CU0,43844
#UQCUV9PC,17353
#Y8G0JY280,65502
#2QJ2VC9L,40186
#2R8P20UPG0,4632
#JQ2PQVJQ0,32258
#8Q8RJLRLQ,34757
#PU0C9Y0CV,40697
#2GQGC8PCJ2,3512
#28UPCG898C,40323
#P8GGVVY0U,58603
#2JVQY999VU,2867
#9QVLJL098,13125
#2GLG9RY2GP,22345
#G0J0GPGR,18000
#2RJ8J009R8,15685
#LCGCVVQQ8,76471
#CP8QGULV9,32158
#RU8JY0C2P,2382
#GPYQQY9YU,30980
#20JPPQJLL8,26103
#8CYLY00VU,63515
#2JQ8LUGGV,92580
#Q0RJQ00CR,10585
#2LR2YQ0J9,38928
#2QG00CPQ8Q,23231
#GGPP9LYPL,39037
#28U9CYV9UV,21988
#8QV0YLUR,34955
#GVRJPYJ2,36042
#8YU99JQPL,23874
#2QLJRLJYYR,25159
#Y92YCUPRJ,30602
#GJ0LPGLPJ,26486
#GLJ0J8RJG,32831
#2LPVPR00VL,13435
#2LQQQ02V0L,39094
#82LR9V9YU,55052
#RPLJG9JC,37257
#R2YCVJ9V,92802
#8C0JP0RV0,20897
#2GGPPVL2U0,16817
#C9P2QLCR,54136
#PQPVY2089,28414
#280YYG9LJ,35103
#L9JRV9VP2,80682
#GRJJLVUG0,72019
#YYLL28Q2,70050
#GC90G9099,30263
#RG9PPCGR2,10182
#GL90VLG2J,35659
#Y8GQRCC02,55230
#8VRC2CL8Q,72065
#L8PR8R8Y,73482
#998P8829L,64216
#2LGQPLP9YL,13021
#99GYQQVV8,27688
#9YYG90R98,38756
#2JY2CUJURY,1634
#PPPJ2V28L,35660
#PPYR2LVJ0,19141
#2GL0J892YR,8200
#LP2YVG8LQ,19743
#V02Q9QUR,37463
#GC2LVC0Y8,29496
#980Q2V2VY,20977
#20U09J9QPC,19614
#2GG8PU00YR,29768
#VG8P0RRVR,23830
#90L9J280J,41613
#LP0GQ0VV2,34674
#2VQCUR29Q,71884
#2RUYGV8PR9,6370
#L2L88CLUR,39763
#R0G0V02QJ,20580
#2JQUUCGC98,2253
#2CQJJQ2UR,92728
#2ULPPV99,39492
#8VYCRJJQ,90083
#RQRQYPR82,31154
#LVPJUV88V,12757
#Y08G9RY0R,94405
#J022PYRP8,27281
#2V9LGR0C0,79932
#Y8RJGRV82,23264
#8GJR9QVGV,32771
#2GGUQ9PQGG,7529
#8GQGRP28C,18612
#GL8RL9LJV,81214
#8RY2YRUQL,52477
#C0JYR00P,93374
#2V09U8QQU,58724
#JCPYCC0RU,23519
#Q8R0P9PL2,100000
#QYUVUVJQU,48577
#Y2CJ0GYRY,90660
#R9JRQVGJ,52521
#2RJY8YPCGU,19526
#2QCLGYQUJL,20357
#9YRL2QR0P,59947
#RYRJY2GR,29679
#92GPPQGJV,57277
#PLY2UUPRC,93672
#2YL8YJ28L0,21588
#L2R00QRLY,25712
#2QUJVPPP02,22305
#9UYYRLUL8,40344
#GL9VR2L0C,12431
#9C0YR8JJY,88220
#YQVP0VC0L,84129
#C9P8LYGV8,5664
#2QJVYPC0U,91984
#8CVCJGRLU,74831
#R28888CYQ,32597
#2JGV9V89U2,6837
#GU9L82LJQ,46737
#VQV2RQRY,71328
#2LQPCLPURY,40998
#9QQLC28JU,91622
#PLYPGU2Q9,1836
#2R28QPG92,20704
#9PYC8RL02,34365
#8JPUP0RLG,111904
#L208Q9RLC,25129
#PURRYU29L,750
#LP2JVLR0R,77932
#2C9G9UGYJP,2785
#GLJQJR2CP,23519
#8QV0VVG2L,71483
#RY0JRLQJY,29987
#2Q0QL8UYRR,4088
#8LCY82LR,23663
#2UCYCPRG0,36341
#L0PP00YUL,3543
#2CLLQVVVY9,4646
#CL2CPRVC,67651
#VPV2V0V9,71485
#Y2GCYVVLC,73081
#LQQUR8RLU,64937
#CU9YCCG8U,3171
#222R22JG82,21337
#RJ2J2YYRJ,16353
#2QV9292QCG,14223
#88C2RUP8Y,30586
#2QU0298C2Q,21072
#2VQ8C9CVR,94424
#2Q0LRC9JG,29066
#L2VCQLQRL,42025
#GCYP9RP29,39763
#9PJQPUYV2,36007
#89R82JLU8,93184
#9CV02P0LV,22335
#P9U0L900P,70187
#GUUG90UCL,18638
#LLQ0VCQ9Y,22300
#R28PLC8V9,61158
#RYPP9J0UR,2305
#PRRLGJ90Q,14344
#2Y0C8CUG2U,23403
#2J9PVQ8U80,7231
#URRVLR2LJ,25010
#G9CU9RQLP,60434
#8C999YU98,78461
#2R288Q0LR,53447
#QP0LG9QVL,31541
#209CLRCYYP,25042
#2QRJ9V808Y,14679
#QLQRUGV0Y,24970
#2YGUP9L,86529
#2QQY8V00UJ,40468
#L9L2J00JG,12398
#YCP9J8JPC,28730
#2C0LPLUV8G,7396
#2QQP9UVGV2,18166
#809LJRCRL,22998
#Y2LUJ9J2R,73347
#2G89Y0CCJL,33049
#GUL8L0RR8,17062
#PP2YJU2Q2,31583
#QQ9CUUPVY,1509
#20Q2R288Q9,37191
#QYJV0Y8RJ,10697
#2QVLQRV8U,92828
#2C9280VU0V,2013
#YP8C0920L,39524
#2LCQPLVPJR,23682
#28L0J8UY8,25213
#29020PPVU,40852
#QQCQQLR08,22747
#JP9CQ88Y,89103
#2GGVGLC9P8,24200
#GQYQRR08U,53503
#8JJVGJQ92,49435
#88YP0GPGP,98520
#GLPY80PR0,80840
#C9PGL2999,21899
#2JJ299L9G2,13628
#2JCPGRV0CU,4183
#2GYQ2JQ2Q,80060
#92Q0JCRC,39561
#2JJPCRR98V,11771
#22C9PVC8P,50924
#Q02RL0UQ0,27596
#289JPCRRGJ,24236
#8RCRGQYJU,26101
#82GR2999V,31954
#2GRJYUPJQ9,25698
#9YCYVPGU8,66703
#988UQGQRJ,30685
#C89LRVCC,26895
#9GJRYU9QC,54973
#9LP222RGL,88562
#2JR28RGPQ,41540
#L0LU8RPLC,40454
#2QJY02YVPY,6097
#GRVU9QPGU,46925
#922PJUYVL,34479
#9Q8GGJPY9,31541
#Y8V9L2P0R,32683
#Q8QYRJJRC,21266
#9U9GYL9J,23282
#8YPYPY90Q,16758
#2LGL2RJUVL,14869
#G92QC0Q8R,50370
#YPLPRQYCP,32232
#GRCCUU22Y,24169
#YRVUPRQVR,34937
#GRVLJJP9C,21623
#YVG299VQ0,63546
#2J8RY098VQ,8817
#LUPYV2LC2,39549
#U0V8VRY8,35516
#RLVRUUC90,17521
#JV9G98JJG,48688
#28YVVPC9RC,17328
#YQC8CRQJP,57555
#90CGQYLCR,34235
#2L22JPLLG9,28749
#G980QUL2,55949
#99V9URC0G,63481
#G88YPC98,46542
#29JLV0CJY,35007
#VC0YLCUU0,3219
#9089GJLUY,49732
#YR8Q0898C,33622
#2RYP0V2U9,101508
#2CCV2C2VY,14876
#YLJR8GCLG,42611
#R9YV00JL2,25193
#GJQR9YQPJ,88047
#2Y8P8Y8Y9,78593
#9VY02YC9C,37174
#RY9C8V899,20359
#28QLQR8JC,25592
#JUP2PYVJ,47234
#PLUVVGCUP,2154
#2QJ2J0LPUU,22209
#2PQ8QCCVV,34905
#P28P9CYUG,15244
#PJLPVC2RQ,89998
#QQC2CL9,46233
#LR8YJVGJP,16501
#8JJ88U2YJ,45007
#2JGLUJ89VQ,3677
#Y29YQ99GV,44832
#PRLYUURLC,40746
#Q98CRP9UQ,44999
#28R9P82Q20,11970
#9YR9PVP02,41683
#GQYCQCJV9,51471
#9PJ0V980C,48332
#G0YGVULV9,41797
#289LV8GU0,28049
#8J9VUVRJ,65744
#2290C22CVR,25003
#PJR9GP8L2,25142
#LPPCJGQVC,46972
#2R8RPC2YR,12284
#PVQ0Q9JJP,52880
#LV20J0L2C,60042
#G82U9Y0R2,23765
#PJ09PU0RJ,56379
#2LPCPRPGY2,13646
#PRQ9J2R9,28100
#2Y8R800JQV,16616
#QGY29VPYR,36077
#GLG8JULG0,22380
#GLQVU0VP2,52743
#GRRJCLPGG,6142
#22Y2QU289R,34086
#9R8JQC8GL,34934
#2YPGVQLQJC,63540
#L8L0CCY8Q,40878
#2LRQPPRU2,52452
#RYG2C920Q,22617
#2Y8JGPPPQQ,38857
#200PL8UR9,57800
#8PGUUJ0V,85682
#2QVJL80GRJ,13747
#GRJG8QLYR,26244
#2G8C8GR9V,24378
#80G0JYCLR,72083
#2L29L0QYVG,10665
#RY9LLGGPU,28055
#GUUGRG9QC,24629
#9GPRRJVG8,33917
#R9Q2RQLUR,46409
#PCUPQPVVQ,55726
#JRQGP29RJ,22756
#2QV8Y02R0G,21255
#GQGCLR08Y,27916
#8JUU2C9YC,27531
#9LCP00UJQ,83208
#9V8RVGUG0,95924
#2LY89QJCLY,18904
#LJQ9RYRCJ,45339
#2JY90RC920,11107
#P8VUYC2PU,83548
#28VY9CVLJ,95799
#QULVQYU0P,29440
#R80Q2UYGY,16463
#YCRG008VV,91317
#VGLGGCV99,23524
#Q8QVRJ0P,55334
#GLVY0VQUL,36883
#2GVVUP9PYP,18083
#92VJ8GPCR,57006
#YRCQ9VRY2,29540
#JPGYY92QQ,21094
#GLP89QR9P,4773
#20C9G2RJC,66402
#GYR2YGU9P,46995
#9GPVJPU0Q,55530
#208QLR9Y8,70072
#2QR09UJCRQ,13179
#YJ888CUJV,63145
#RP8G0QC8U,24555
#8U8028QU0,39179
#2PU2J2QG8,62019
#2UG9PQP0J,87619
#2Q02LL02GQ,17206
#YU8L88GCL,67089
#2G9R9P2J2,93283
#RLRRL90GY,12468
#RP99QPVLG,14689
#99CUYUPYR,68708
#2J2CYJRG9U,11902
#Y2YCPJ2QV,38578
#2YL2CVQVQV,4570
#JJ0JLVUQQ,47168
#JQV28CPY8,18396
#8U90UJ90R,95603
#9QULC8G2V,33401
#GLVCPC9V0,28479
#YJLGPGUYJ,29636
#Y8VCRV0P8,55643
#P8LUV9LRJ,93155
#GP8CCL8V,95147
#92UV8UU9V,88169
#GQGQQ0CJU,18107
#8C92P2LLP,32104
#2LVRCJRPJ2,40911
#8PL2JJ9J0,42958
#2J8JPYQ9G2,15481
#GU9UL829L,27649
#YRVPQ288Y,85803
#2992UR8UCV,15188
#9JJ2LR9JR,10053
#989UCY0R2,68004
#L8UCRRVQY,26658
#RPQJVQQQ2,3584
#20Q9U0GVU,69325
#L0G09G02R,33022
#2JQQYCCRQ,52126
#8R9RJP2CG,33049
#PLUQ0UPP9,21162
#Y8RGL0PLJ,20792
#G82V9YQL9,16643
#Y890CGGVY,26456
#G8VGQY20G,63237
#LP8GGRPJ9,14602
#Q2C9CC89,15412
#22VLJYR0J8,21328
#8PCG0QP90,71104
#2GJYJ8QLL8,17343
#2JC80JRJYC,2285
#8ULVR2LY8,92514
#PUJLQUVYU,22281
#20Y8JVQUQ,64355
#9VG2LJ2L0,26061
#Y0UC8LQU9,63018
#2J8G92RLYG,10634
#LR9RU9CU,93265
#2YLYLCGY0,62038
#2GRYL8P8J0,127
#29CUQLRCJ,18238
#2PJYUUV8,51106
#2U2PGJQ9J,29607
#PYQY9G999,36451
#G20GJUYRP,18934
#JQ8RPJ9R9,18688
#2LG2J80JYJ,52435
#LU820GV0R,93167
#9JJ0PUVUJ,15834
#2J0JV0Y0JY,11366
#J080Q2YRL,13220
#9028UQLCC,61282
#RPQ2PJ8QQ,33060
#2LGVUYQQCG,60658
#CCV2LP00,25500
#9C82U9VYJ,1321
#PU9UQ9G2V,60938
#P08UVV299,13176
#80UL9YJQP,56609
#2RRLYV2G2Q,5458
#2RUCG8LLP,71923
#22CPU9RGU,71095
#JPJUGCVCJ,15117
#9G29PLVV8,16129
#L2V0CYLQ2,22526
#9CPU0CV92,73513
#P20PU2GGG,75219
#2Q99CCC90,16329
#GRPV2G0Q0,25550
#99Y8CUYQ8,57302
#QCUR8R8RG,30730
#2292J20VR2,14400
#CCLQVRUGR,74934
#99909LGQ,93378
#2CUGYR9G2,62504
#980QVC2GC,49097
#8JVGQP0GL,44502
#22GVV02GC8,16961
#GQL90VQV2,22200
#UYP92GQ,54354
#PG8PU0YGY,57451
#RYPLQUYLU,8455
#2JL8GQ2U9U,2508
#PGCRRJ9QV,16470
#J8P0P0UCC,18525
#2RRYPQJYQY,15013
#GC0C2VVRV,34256
#228PL8Y089,23802
#2YPP0RP829,26966
#20QCG0JL0L,8205
#990ULG8LR,77831
#GGJUQQY,18120
#LU0VLYJ28,58304
#YG2L2LJRJ,216
#G8CLL0P2,48779
#2PUU20VRJ,93806
#8RPCUPVQ2,68346
#J0LJCRV,792
#28YQVCJYV2,43235
#2RGP99CYP,51614
#9YRJVJVV,31570
#RL09P9UP,67985
#2L8VG2JL9,38846
#PCYGVP80V,64785
#LYLQJGQP2,5484
#QQ0Q0G882,49986
#2QP2UQ2U0Y,18523
#208UPR8QP9,14509
#VRYUVGUP,27525
#GJUQYG8Q9,2294
#2LRLRYYJ2,29284
#8G0RUJPPY,45888
#GGG2LGQUL,31253
#980GJVP0V,91065
#8C8J8U0RU,69937
#28YG80GR98,36600
#9GQJR2YGQ,48638
#PRRLQUY89,2060
#QYC9YUJJP,69227
#YGU0YL2UG,27188
#YPL8YYLL9,30042
#22VYL8PJG0,23658
#GUGJGGR88,24902
#RQJV9VP0G,19870
#L9Q98V89R,11192
#92RY8C9V,44201
#CVGP008RY,14477
#2RUP0VVUUG,10410
#QG9RR09JV,50230
#GJY8GCGRL,25644
#2QJL2RRVV2,32820
#R8RQJULJ,61882
#QPJRYCPQ0,36874
#L929RGJV9,47228
#2R220288V,41878
#P99VPQV99,15561
#YG2YG0CJ8,48856
#JQCL80U9Q,22854
#2L9LU9JLRV,44961
#2L9PVLVYCQ,9695
#R9C8PY2GG,41603
#8YRP00QQY,23366
#2QC0C2J0VY,10348
#GUUPU8RQJ,29277
#PVP0JLRUL,41042
#J99UQ22L,87160
#2YUVJ9GQVJ,40709
#PJR02PLYR,100920
#RYRPLPUL0,33915
#G92PCRCY9,4960
#2QJCVLYV0G,23361
#R89CVQUUV,33036
#VL0YR02QP,29228
#82LLRQ2Q8,23785
#2Q2PJU2JCQ,20076
#YLRJCCUP0,31519
#2QQ29VLGLV,24361
#202UJ88U,52267
#2RU2YRVPR2,4975
#PRJR9Y922,28990
#2Q8CVYR98,2457
#8CRCYV02P,7186
#2GJPJPRU0,62616
#2LQQCQVGJ,95373
#28YCUQVQY,19380
#RG2QYVV0J,11969
#2QGLJCY9P8,15606
#PJ0PJJGV,17767
#GPYCU2J2L,9191
#LU2L0CC,20172
#2QLULCUGQ2,24348
#29YQG2GJY8,6843
#8CP990GCJ,41960
#2J8VJQCL8P,8323
#GUG90VCU9,26379
#QQQQGRVVU,22651
#YY9L292,54145
#Q2CRG9U8Q,12578
#20C9U0R2P,30597
#PRQ29PY20,21536
#P00V8UCY,43128
#R9U0CUVY0,32834
#2J2V2QR0RG,19467
#2YUYJJQ0J,9393
#8UV22R09,40174
#88Q9JP8UU,80700
#GLQV0RUP0,26971
#UQ82LYLJ,94635
#82JJYQR0P,56956
#2L80GCL00U,23066
#99JU2Y8L0,94175
#2G20VGRJJP,14571
#GGVQ9JLU,93852
#VCP8VUPYJ,21282
#GLQRY0G,50602
#LC8LGQ2GQ,21320
#2Y8PUYGUYY,37439
#GJ0JLPLG8,31564
#28VV9CL8,50555
#L80J82Q,63831
#UCQYPJQJR,5602
#2QY99GU00Y,10788
#22VQJ2CLR,51640
#PR88Y902,12252
#2QLJPP0Y0G,23374
#CG2LCQ0Q,28397
#2G08UYCUCQ,10322
#YC098CR0U,41062
#Y2RCY0Q0U,48051
#L0CPGV29L,63829
#LQPLPRL08,60602
#9GRRUC8VY,38358
#PRJPC8GPC,16888
#2J9R02GUYQ,4697
#9URRYVP9V,46804
#PYQYJYLJY,31697
#2QLJUYCJ9V,28921
#YPLRQYC9U,28301
#G22J009PQ,61165
#RPLVGJVJY,74540
#2R80PQJ29,69101
#9QCY8VQJY,51052
#2GQ2JQU2UG,20731
#GGYU9298Y,2781
#2Q9JGJJU0,94663
#2RVJJY9CLG,13245
#9QC8CYUJL,59663
#9VVUU0QV8,35627
#GCGUJC0RQ,36130
#Q8Q9C2RQG,48146
#YGLG9UQL2,90924
#QQGU9RRJ2,48307
#QVL02LURC,11746
#2QJG29JL,40837
#PQCLJC8RY,100628
#2Y2PP8U90J,40405
#QPV2UQ08V,22613
#PY2C2UCRQ,65421
#829LYVQRU,95063
#Q92CP8JQ9,38127
#GVLUPL2PL,12056
#GYC9PVC99,41132
#QGRU8L9J8,23712
#2CJVL8QRV,11159
#GLLR2V2R2,12095
#PLJU9UU0C,44716
#QRL022C8,46514
#2L0VQ9220V,41800
#PVYPQG0JP,44042
#RV9GQ2QQ,25776
#Q8CPP2GVJ,52080
#RYGJ8QJ0Q,1957
#GR220LV8C,25699
#2Q0LCYGCGQ,27361
#L0PV2UR8G,36138
#28Q9YP20QR,12993
#2J9YLJ0RRJ,7631
#Y2Y9CV0UY,36138
#RGY8CRJP2,13602
#Q82U2L8G2,39768
#GJYLQJQCP,12804
#GCP8J92YG,29115
#2JJGG2G9V,70296
#8JLYUPULP,43382
#RRGUYGCRC,39677
#Q2LGVU2Q,24086
#JRGVC89VV,63980
#L90RG9JYU,62528
#R9CVQ0YP0,37388
#G92JRCYYR,28182
#2JVJRCR8RV,9729
#2JUYL8UQQC,4795
#2C0UC0PUL8,6824
#Q20VLVQ8V,36980
#YGR0PQQ9V,85097
#Y8P229JYY,30562
#89LC8P92J,63077
#RQYL0JPVV,34044
#P2QC20L0,40045
#89GPRLRPV,53817
#YY2Y0V80V,59719
#8G82CU2CG,80473
#LRY92RCUV,4647
#2VCGCPU29,71994
#LCRY8C28J,49794
#L8RJU9YYL,91747
#LGRLQ2U8V,67689
#2P0GCRP0,59652
#2JLJCPPGVY,14172
#2VGPJJPY,74533
#YUCV009UP,57075
#PC0JYQUC,92352
#9LPR8RCQ,61789
#222CVRJ89Y,36044
#UU8G9QPV,36565
#2C8GYLJLGG,4444
#89CYL000P,53076
#YG92U8JCG,26835
#GRGJ99UYL,44071
#LLCYV2C0Y,47225
#2G8LL0CGP,26899
#J9U8C9GC,42161
